prompt,ground_truth,predicted,correct,votes,pseudo_label,pseudo_correct,vote_counts
212 / 212 = ,1,100,False,1; 10; 101; 1; 100; 101; 100; 101; 1; 1; 1; 100; 1; 101; 100; 1; 1; 101; 1; 10,1,True,"{'1': 9, '10': 2, '101': 5, '100': 4}"
406 / 203 = ,2,1.98,False,2; 1.98; 1.97; 1.98; 1.98; 1.98; 2; 1.98; 1.9785; 2; 2; 2; 2; 2; 2; 2; 2; 1.98; 1.978; 2,2,True,"{'2': 11, '1.98': 6, '1.97': 1, '1.9785': 1, '1.978': 1}"
410 / 410 = ,1,10,False,100; 10; 100; 100; 1; 10; 1; 10; 10; 1; 1; 10; 10; 10; 10; 1; 100; 10; 1; 100,10,False,"{'100': 5, '10': 9, '1': 6}"
411 / 411 = ,1,1023,False,1023; 1; 1023; 1; 1023; 1; 1002; 1; 1023; 1023; 1023; 1023; 1023; 1; 1; 1; 1023; 1023; 1023; 1023,1023,False,"{'1023': 12, '1': 7, '1002': 1}"
412 / 412 = ,1,103,False,103; 103; 103; 103; 103; 103; 103; 103; 103; 103; 103; 103; 103; 103; 103; 103; 103; 103; 103; 103,103,False,{'103': 20}
413 - 404 = ,9,19,False,19; 19; 19; 19; 19; 19; 19; 19; 19; 19; 19; 19; 19; 19; 19; 19; 19; 19; 19; 19,19,False,{'19': 20}
413 - 405 = ,8,18,False,18; 18; 18; 18; 18; 18; 18; 18; 18; 18; 18; 18; 18; 18; 18; 18; 18; 18; 18; 18,18,False,{'18': 20}
413 - 408 = ,5,15,False,15; 15; 15; 15; 5; 15; 15; 5; 15; 5; 5; 15; 15; 15; 15; 15; 15; 5; 15; 15,15,False,"{'15': 15, '5': 5}"
414 / 414 = ,1,10389,False,103.5; 10329; 1032; 103; 1; 103.5; 10389; 103; 1; 1038; 10389; 1; 103; 1038; 103.0056; 10389; 1; 1; 1; 1,1,True,"{'103.5': 2, '10329': 1, '1032': 1, '103': 3, '1': 7, '10389': 3, '1038': 2, '103.0056': 1}"
479 / 479 = ,1,10,False,1000; 10; 1; 1; 10; 10; 1000; 1; 10; 100; 10; 1; 100; 10; 10; 100; 10; 10; 1; 10,10,False,"{'1000': 2, '10': 10, '1': 5, '100': 3}"
495 / 495 = ,1,10,False,10; 10; 1; 10; 1; 10; 10; 10; 1; 1; 10; 1; 10; 1; 10; 1; 10; 10; 10; 10,10,False,"{'10': 13, '1': 7}"
498 / 498 = ,1,1001,False,1; 1; 1; 100; 1; 100; 1002; 1; 1; 1003; 101; 10.0211; 1; 10.0112; 1; 10.01120; 101; 1; 1; 1,1,True,"{'1': 11, '100': 2, '1002': 1, '1003': 1, '101': 2, '10.0211': 1, '10.0112': 1, '10.01120': 1}"
504 / 72 = ,7,1.5,False,"1.5; 1.5; 1.5; 6; 6; 6; 6; 1. **Divide the first two; 1.5; 1.5; 1.5; 6; 6; 6; 6; 1.5; 1.5; 1. **Division Step**: First,; 6; 1.5",1.5,False,"{'1.5': 9, '6': 9, '1. **Divide the first two': 1, '1. **Division Step**: First,': 1}"
595 / 595 = ,1,10,False,10; 1; 101; 101; 1; 10; 101; 101; 10; 10; 10; 100; 1; 1; 101; 1; 1; 101; 1; 10,1,True,"{'10': 6, '1': 7, '101': 6, '100': 1}"
616 - 607 = ,9,18,False,18; 18; 19; 18; 18; 19; 18; 18; 18; 19; 18; 18; 18; 19; 18; 19; 18; 18; 18; 18,18,False,"{'18': 15, '19': 5}"
617 - 608 = ,9,19,False,19; 19; 19; 19; 19; 19; 19; 19; 19; 19; 19; 19; 19; 19; 19; 19; 19; 19; 19; 19,19,False,{'19': 20}
617 - 609 = ,8,18,False,18; 18; 18; 18; 18; 18; 18; 18; 18; 18; 18; 18; 18; 18; 18; 18; 18; 18; 18; 18,18,False,{'18': 20}
650 / 325 = ,2,1.98,False,1.999; 1.99; 1.999; 1.99; 1.96; 1.98; 1.98; 1.96; 1.98; 1.971428; 1.94; 1.99; 1.999; 1.98; 1.875; 1.875; 1.99; 1.96; 1.98; 1.96,1.98,False,"{'1.999': 3, '1.99': 4, '1.96': 4, '1.98': 5, '1.971428': 1, '1.94': 1, '1.875': 2}"
652 / 326 = ,2,1.98,False,1.87; 1.74; 1.978; 1.74; 1.97 (rounded to two; 1.89; 1.74; 1.84; 1.98; 1.74; 1.74; 1.87; 1.74; 1.98; 1.94; 1.74; 1.87; 1.894; 1.98; 1.89,1.74,False,"{'1.87': 3, '1.74': 7, '1.978': 1, '1.97 (rounded to two': 1, '1.89': 2, '1.84': 1, '1.98': 3, '1.94': 1, '1.894': 1}"
661 - 652 = ,9,10,False,10; 10; 19; 19; 19; 9; 10; 19; 10; 10; 10; 9; 10; 10; 19; 10; 19; 10; 9; 10,10,False,"{'10': 11, '19': 6, '9': 3}"
661 - 653 = ,8,18,False,18; 18; 18; 18; 18; 18; 18; 18; 18; 9; 9; 18; 18; 9; 18; 18; 18; 18; 9; 18,18,False,"{'18': 16, '9': 4}"
661 - 657 = ,4,14,False,9; 9; 14; 14; 14; 14; 14; 14; 14; 14; 14; 9; 14; 14; 9; 14; 9; 9; 14; 9,14,False,"{'9': 7, '14': 13}"
661 - 658 = ,3,13,False,13; 13; 13; 13; 13; 7; 13; 13; 13; 13; 13; 13; 13; 13; 13; 13; 13; 13; 7; 13,13,False,"{'13': 18, '7': 2}"
670 / 335 = ,2,19,False,19; 19; 19; 19; 19; 1; 1; 1; 19; 19; 19; 19; 1; 19; 19; 19; 1; 19; 19; 1,19,False,"{'19': 14, '1': 6}"
676 / 338 = ,2,19,False,19; 1; 1; 19; 1; 1; 1; 1; 19; 1; 19; 1; 19; 19; 19; 19; 19; 19; 19; 19,19,False,"{'19': 12, '1': 8}"
686 - 677 = ,9,10,False,11; 12; 10; 10; 11; 11; 12; 10; 11; 10; 12; 12; 12; 11; 10; 10; 11; 10; 12; 11,11,False,"{'11': 7, '12': 6, '10': 7}"
686 - 678 = ,8,10,False,10; 10; 10; 10; 10; 10; 10; 10; 10; 10; 10; 10; 10; 10; 10; 10; 10; 10; 10; 10,10,False,{'10': 20}
690 / 345 = ,2,"1. **Division**: First, we",False,"1.785; 1; 1. **Divide**: First,; 1.826 (rounded to; 1.72; 1.73; 1.74; 1; 1. **Division**: Start by dividing; 1. **Division**: 
   -; 1. **Division**: Start by dividing; 1.73; 1. **Divide the first digit; 1; 1.62787...; 1; 1. **Division Step:**; 1; 1.845283; 1.628",1,False,"{'1.785': 1, '1': 5, '1. **Divide**: First,': 1, '1.826 (rounded to': 1, '1.72': 1, '1.73': 2, '1.74': 1, '1. **Division**: Start by dividing': 2, '1. **Division**: \n   -': 1, '1. **Divide the first digit': 1, '1.62787...': 1, '1. **Division Step:**': 1, '1.845283': 1, '1.628': 1}"
692 / 346 = ,2,"1. **Division**: First, we",False,"1; 1.85; 1; 1. **Division**: First, we; 1; 1; 1.508; 1.5078; 1; 1.57; 1. **Divide the first digits; 1; 1; 1. **Division**: First, we; 1; 1.57; 1; 1. **Division Step**:; 1.78; 1",1,False,"{'1': 10, '1.85': 1, '1. **Division**: First, we': 2, '1.508': 1, '1.5078': 1, '1.57': 2, '1. **Divide the first digits': 1, '1. **Division Step**:': 1, '1.78': 1}"
696 / 348 = ,2,"1. **Division**: First, we",False,"1.6025; 1. First, perform long division of; 1.675; 1; 1. **Division Step**: Begin by; 1.675; 1; 1; 1.67; 1. **Divide the numbers**:; 1. **Divide the first digit; 1. **Divide the first two; 1. First, we perform the division; 1. **Division**: 
   \; 1.5; 1.67; 1; 1. **Division Step**:; 1; 1. **Division Setup**:",1,False,"{'1.6025': 1, '1. First, perform long division of': 1, '1.675': 2, '1': 5, '1. **Division Step**: Begin by': 1, '1.67': 2, '1. **Divide the numbers**:': 1, '1. **Divide the first digit': 1, '1. **Divide the first two': 1, '1. First, we perform the division': 1, '1. **Division**: \n   \\': 1, '1.5': 1, '1. **Division Step**:': 1, '1. **Division Setup**:': 1}"
698 / 349 = ,2,1.75,False,"1. **Division**: First, we; 2; 1. **Division Setup**: Begin by; 1.75; 2; 1.5207; 1.7085; 1; 1.57; 2; 1.75; 1.904; 1. **Division Step:**; 1; 1.7085; 1. **Division**: Perform the division; 1; 1; 1.706; 2",2,True,"{'1. **Division**: First, we': 1, '2': 4, '1. **Division Setup**: Begin by': 1, '1.75': 2, '1.5207': 1, '1.7085': 2, '1': 4, '1.57': 1, '1.904': 1, '1. **Division Step:**': 1, '1. **Division**: Perform the division': 1, '1.706': 1}"
698 - 689 = ,9,10,False,10; 10; 10; 10; 10; 10; 10; 10; 10; 10; 10; 10; 10; 10; 10; 10; 10; 10; 10; 10,10,False,{'10': 20}
720 - 718 = ,2,10,False,10; 10; 10; 10; 10; 10; 10; 10; 10; 10; 10; 10; 10; 10; 10; 10; 10; 10; 10; 10,10,False,{'10': 20}
728 - 719 = ,9,11,False,11; 10; 10; 11; 11; 10; 11; 11; 11; 11; 11; 10; 11; 11; 11; 11; 11; 11; 11; 11,11,False,"{'11': 16, '10': 4}"
754 / 377 = ,2,19,False,19; 19; 19; 19; 2; 19; 19; 2; 19; 2; 19; 2; 19; 19; 19; 19; 19; 19; 2; 19,19,False,"{'19': 15, '2': 5}"
758 / 379 = ,2,19,False,1; 1; 19; 1; 19; 19; 19; 19; 19; 1; 1; 1; 19; 19; 19; 1; 19; 19; 19; 1,19,False,"{'1': 8, '19': 12}"
838 - 829 = ,9,11,False,10; 11; 11; 10; 10; 11; 11; 11; 10; 10; 10; 10; 11; 10; 10; 11; 11; 10; 10; 10,10,False,"{'10': 12, '11': 8}"
842 - 834 = ,8,10,False,10; 10; 10; 10; 10; 10; 10; 10; 10; 10; 10; 10; 10; 10; 10; 10; 10; 10; 10; 10,10,False,{'10': 20}
843 - 834 = ,9,10,False,9; 10; 10; 10; 9; 10; 9; 9; 10; 10; 10; 10; 10; 9; 10; 9; 10; 9; 9; 10,10,False,"{'9': 8, '10': 12}"
847 - 838 = ,9,19,False,19; 19; 19; 19; 19; 19; 19; 19; 19; 19; 19; 19; 19; 19; 19; 19; 19; 19; 19; 19,19,False,{'19': 20}
858 - 849 = ,9,10,False,11; 11; 10; 12; 1; 1; 10; 11; 10; 10; 11; 11; 10; 10; 10; 12; 11; 10; 12; 12,10,False,"{'11': 6, '10': 8, '12': 4, '1': 2}"
867 - 858 = ,9,10,False,10; 10; 10; 10; 10; 10; 10; 10; 10; 10; 10; 10; 10; 10; 10; 10; 10; 10; 10; 10,10,False,{'10': 20}
867 - 859 = ,8,18,False,18; 12; 18; 12; 18; 18; 18; 12; 12; 16; 18; 18; 18; 16; 18; 16; 12; 16; 18; 12,18,False,"{'18': 10, '12': 6, '16': 4}"
887 - 878 = ,9,19,False,19; 19; 19; 19; 19; 19; 19; 19; 19; 19; 19; 19; 19; 19; 19; 19; 19; 19; 19; 19,19,False,{'19': 20}
918 - 911 = ,7,10,False,10; 10; 10; 10; 10; 10; 10; 10; 10; 10; 10; 10; 10; 10; 10; 10; 10; 10; 10; 10,10,False,{'10': 20}
928 - 919 = ,9,10,False,10; 13; 3; 3; 10; 3; 13; 11; 3; 10; 10; 11; 13; 10; 3; 3; 3; 11; 3; 13,3,False,"{'10': 5, '13': 4, '3': 8, '11': 3}"
932 - 923 = ,9,10,False,10; 10; 10; 10; 10; 10; 10; 10; 10; 10; 10; 10; 10; 10; 10; 10; 10; 10; 10; 10,10,False,{'10': 20}
942 - 934 = ,8,10,False,10; 10; 10; 10; 10; 10; 10; 10; 10; 10; 10; 10; 10; 10; 10; 10; 10; 10; 10; 10,10,False,{'10': 20}
943 - 934 = ,9,10,False,10; 10; 10; 10; 10; 10; 10; 10; 10; 10; 10; 10; 10; 10; 10; 10; 10; 10; 10; 10,10,False,{'10': 20}
952 - 943 = ,9,10,False,10; 1; 10; 10; 10; 1; 10; 10; 10; 10; 10; 10; 10; 10; 10; 10; 10; 10; 10; 10,10,False,"{'10': 18, '1': 2}"
952 - 944 = ,8,10,False,10; 1; 10; 10; 10; 1; 10; 10; 10; 10; 10; 10; 10; 1; 10; 10; 1; 10; 10; 10,10,False,"{'10': 16, '1': 4}"
953 - 944 = ,9,10,False,10; 10; 10; 10; 1; 10; 10; 10; 10; 1; 1; 1; 10; 10; 10; 10; 10; 10; 1; 10,10,False,"{'10': 15, '1': 5}"
953 - 945 = ,8,10,False,10; 10; 10; 10; 10; 10; 10; 10; 10; 10; 10; 10; 10; 10; 10; 10; 10; 10; 10; 10,10,False,{'10': 20}
954 - 945 = ,9,10,False,10; 10; 10; 10; 10; 10; 10; 10; 10; 10; 10; 10; 10; 10; 10; 10; 10; 10; 10; 10,10,False,{'10': 20}
965 - 956 = ,9,10,False,10; 10; 10; 10; 10; 10; 10; 10; 10; 10; 10; 10; 10; 10; 9; 10; 10; 10; 9; 9,10,False,"{'10': 17, '9': 3}"
968 / 484 = ,2,20,False,20; 20; 20; 20; 2; 20; 2; 20; 20; 20; 2; 2; 2; 2; 2; 20; 20; 20; 2; 20,20,False,"{'20': 12, '2': 8}"
973 - 966 = ,7,10,False,10; 10; 14; 10; 10; 10; 10; 10; 1; 10; 14; 1; 10; 1; 10; 10; 10; 10; 1; 10,10,False,"{'10': 14, '14': 2, '1': 4}"
976 - 967 = ,9,10,False,10; 10; 10; 10; 10; 10; 10; 10; 10; 10; 10; 10; 10; 10; 10; 10; 10; 10; 10; 10,10,False,{'10': 20}
978 / 326 = ,3,2.99,False,2; 2; 2; 2.99; 2.99; 2.99; 2; 2; 2; 2; 2; 2.99; 2; 2; 2.99; 2.99; 2; 2; 2.99; 2.99,2,False,"{'2': 12, '2.99': 8}"
978 / 489 = ,2,1. **Division Setup**: Begin by,False,"1.625; 1. **Division Setup**: We start; 1.65; 1.562 (rounded to; 1. **Division Setup**: We start; 1. **Division Setup:**; 1. **Division Setup**: Begin by; 1. **Division Calculation**:; 1. **Division**: 
   -; 1. **Division**: Perform the division; 1. **Division**: First, perform; 1. **Division Setup:**; 1.523 (rounded to; 1. **Division Setup:**; 1. **Divide the first digit; 1. **Division**: Perform the division; 1. **Division Calculation:**; 1.53; 1. **Setup the problem**: We; 1. **Division Setup**: We start",1. **Division Setup**: We start,False,"{'1.625': 1, '1. **Division Setup**: We start': 3, '1.65': 1, '1.562 (rounded to': 1, '1. **Division Setup:**': 3, '1. **Division Setup**: Begin by': 1, '1. **Division Calculation**:': 1, '1. **Division**: \n   -': 1, '1. **Division**: Perform the division': 2, '1. **Division**: First, perform': 1, '1.523 (rounded to': 1, '1. **Divide the first digit': 1, '1. **Division Calculation:**': 1, '1.53': 1, '1. **Setup the problem**: We': 1}"
987 - 978 = ,9,10,False,10; 10; 10; 10; 10; 10; 10; 10; 10; 10; 10; 10; 10; 10; 10; 10; 10; 10; 10; 10,10,False,{'10': 20}
989 / 989 = ,1,10,False,10; 1; 10; 1000; 1; 1000; 10; 1000; 1000; 10; 10; 10; 1; 10; 1; 1; 10; 1; 1000; 10,10,False,"{'10': 9, '1': 6, '1000': 5}"
990 / 990 = ,1,10,False,10; 10; 10; 10; 10; 10; 10; 10; 10; 10; 10; 10; 10; 10; 10; 10; 10; 10; 10; 10,10,False,{'10': 20}
991 / 991 = ,1,1000,False,100; 1; 1; 1000; 1000; 1; 1; 1000; 1000; 1; 1; 1; 1; 1000; 1000; 1; 1; 1; 1000; 1,1,True,"{'100': 1, '1': 12, '1000': 7}"
993 / 993 = ,1,1002,False,1002; 1; 1002; 1002; 1002; 1; 1; 1; 1002; 1002; 1002; 1002; 1002; 1; 1002; 1002; 1002; 1; 1002; 1002,1002,False,"{'1002': 14, '1': 6}"
995 / 995 = ,1,10,False,10; 10; 10; 10; 10; 1004; 10; 10; 10; 10; 10; 10; 10; 10; 10; 10; 10; 10; 1004; 10,10,False,"{'10': 18, '1004': 2}"
996 / 996 = ,1,1005,False,1004; 1004; 1004; 1005; 1004; 1005; 1000; 1000; 1005; 1005; 1004; 1005; 1005; 1005; 1004; 1005; 1005; 10; 10; 1005,1005,False,"{'1004': 6, '1005': 10, '1000': 2, '10': 2}"
998 - 989 = ,9,10,False,10; 10; 10; 10; 10; 10; 10; 10; 10; 10; 10; 10; 10; 10; 10; 10; 10; 10; 10; 10,10,False,{'10': 20}
1035 / 345 = ,3,29,False,2; 29; 29; 29; 2; 29; 2; 2; 2; 29; 29; 29; 2; 29; 29; 29; 29; 2; 2; 2,29,False,"{'2': 9, '29': 11}"
1041 / 347 = ,3,29,False,29; 2; 29; 2; 2; 2; 29; 2; 29; 2; 2; 2; 2; 2; 29; 2; 2; 2; 2; 2,2,False,"{'29': 5, '2': 15}"
1058 - 1049 = ,9,10,False,10; 10; 10; 10; 19; 10; 19; 19; 19; 19; 10; 10; 19; 19; 19; 10; 10; 10; 19; 10,10,False,"{'10': 11, '19': 9}"
1059 / 353 = ,3,29,False,29; 28; 2; 28; 2; 28; 2; 2; 29; 29; 2; 29; 28; 2; 2; 28; 29; 29; 28; 28,28,False,"{'29': 6, '28': 7, '2': 7}"
1073 - 1066 = ,7,11,False,14; 11; 14; 12; 12; 11; 12; 12; 11; 11; 14; 11; 14; 11; 14; 11; 12; 1; 11; 12,11,False,"{'14': 5, '11': 8, '12': 6, '1': 1}"
1083 / 361 = ,3,29,False,29; 29; 29; 29; 29; 29; 29; 29; 29; 29; 29; 29; 29; 29; 29; 29; 29; 29; 29; 29,29,False,{'29': 20}
1101 / 1101 = ,1,10,False,1; 1; 10; 1009; 10; 10; 1010; 1; 1; 1; 1010; 1; 1; 1009; 1010; 1; 1; 10; 10; 1009,1,True,"{'1': 9, '10': 5, '1009': 3, '1010': 3}"
1112 / 1112 = ,1,10,False,10; 10; 1000; 100; 10; 100; 10; 10000; 10; 10; 10; 10; 10; 10; 10; 10; 10000; 100; 10; 1000,10,False,"{'10': 13, '1000': 2, '100': 3, '10000': 2}"
1121 - 1112 = ,9,-11,False,-11; -11; -11; -11; -11; -11; -11; -11; -11; -11; -11; -11; -11; -11; -11; -11; -11; -11; -11; -11,-11,False,{'-11': 20}
1121 - 1114 = ,7,-3,False,-3; -3; -3; 7; -3; -3; -3; -3; -3; -3; 7; -3; -3; 7; 7; -3; 7; 7; -3; 7,-3,False,"{'-3': 13, '7': 7}"
1122 - 1113 = ,9,-11,False,-11; -11; -11; -11; -11; -11; -11; -11; -11; -11; -11; -11; -11; -11; -11; -11; -11; -11; -11; -11,-11,False,{'-11': 20}
1122 - 1115 = ,7,-3,False,-3; -3; -3; -3; -3; -3; -3; -3; -3; -3; -3; -3; -3; -3; -3; -3; -3; -3; -3; -3,-3,False,{'-3': 20}
1122 - 1116 = ,6,-4,False,-4; -4; -4; -4; -4; -4; -4; -4; -4; -4; -4; -4; -4; -4; -4; -4; -4; -4; -4; -4,-4,False,{'-4': 20}
1131 - 1122 = ,9,10,False,10; 10; 9; 9; 10; 10; 10; 10; 9; 10; 10; 10; 10; 10; 10; 10; 10; 10; 10; 10,10,False,"{'10': 17, '9': 3}"
1161 / 387 = ,3,29,False,29; 29; 2; 29; 29; 29; 2; 29; 29; 2; 29; 2; 29; 29; 29; 29; 29; 29; 29; 29,29,False,"{'29': 16, '2': 4}"
1216 - 1211 = ,5,10,False,10; 10; 10; 10; 10; 10; 10; 10; 10; 10; 10; 10; 10; 10; 10; 10; 10; 10; 10; 10,10,False,{'10': 20}
1221 - 1212 = ,9,10,False,10; 10; 10; 10; 10; 10; 1; 10; 10; 10; 10; 1; 1; 10; 10; 10; 10; 10; 10; 10,10,False,"{'10': 17, '1': 3}"
1231 - 1222 = ,9,10,False,10; 9; 9; 10; 9; 10; 10; 10; 9; 9; 9; 10; 9; 10; 10; 9; 10; 10; 9; 10,10,False,"{'10': 11, '9': 9}"
1232 - 1223 = ,9,10,False,10; 10; 10; 10; 10; 10; 10; 10; 10; 10; 10; 10; 10; 10; 10; 10; 10; 10; 10; 10,10,False,{'10': 20}
1242 / 414 = ,3,30,False,30; 30; 30; 30; 30; 30; 30; 30; 30; 30; 30; 30; 30; 30; 30; 30; 30; 30; 30; 30,30,False,{'30': 20}
1242 - 1234 = ,8,10,False,10; 10; 10; 10; 10; 10; 10; 10; 10; 10; 10; 10; 10; 10; 10; 10; 10; 10; 10; 10,10,False,{'10': 20}
1251 / 417 = ,3,30,False,3; 30; 30; 30; 30; 30; 30; 3; 3; 30; 30; 30; 30; 30; 30; 3; 3; 30; 30; 3,30,False,"{'3': 6, '30': 14}"
1262 / 631 = ,2,20,False,20; 2; 2; 2; 20; 20; 20; 2; 20; 20; 2; 20; 20; 2; 2; 2; 2; 20; 2; 20,20,False,"{'20': 10, '2': 10}"
1281 / 427 = ,3,29,False,29; 29; 29; 29; 29; 29; 29; 29; 29; 29; 29; 29; 29; 29; 29; 29; 29; 29; 29; 29,29,False,{'29': 20}
1282 / 641 = ,2,20,False,20; 20; 20; 20; 2; 20; 20; 20; 20; 20; 20; 20; 2; 20; 20; 20; 20; 20; 20; 20,20,False,"{'20': 18, '2': 2}"
1298 - 1289 = ,9,10,False,10; 10; 10; 10; 10; 10; 10; 10; 10; 10; 10; 10; 10; 10; 10; 10; 10; 10; 10; 10,10,False,{'10': 20}
1319 - 1311 = ,8,10,False,10; 10; 10; 10; 10; 10; 10; 10; 10; 10; 10; 10; 10; 10; 10; 10; 10; 10; 10; 10,10,False,{'10': 20}
1321 - 1312 = ,9,10,False,10; 10; 10; 10; 10; 10; 10; 10; 10; 10; 10; 10; 10; 10; 10; 10; 10; 10; 10; 10,10,False,{'10': 20}
1326 - 1322 = ,4,10,False,10; 10; 10; 10; 10; 10; 10; 10; 10; 10; 10; 10; 10; 10; 10; 10; 10; 10; 10; 10,10,False,{'10': 20}
1342 - 1334 = ,8,10,False,10; 10; 10; 10; 10; 10; 10; 10; 10; 10; 10; 10; 10; 10; 10; 10; 10; 10; 10; 10,10,False,{'10': 20}
1343 - 1334 = ,9,10,False,10; 10; 10; 10; 10; 10; 10; 10; 10; 10; 10; 10; 10; 10; 10; 10; 10; 10; 10; 10,10,False,{'10': 20}
1354 - 1345 = ,9,10,False,10; 10; 10; 1; 10; 1; 1; 10; 1; 10; 10; 1; 10; 10; 1; 10; 10; 1; 1; 1,10,False,"{'10': 11, '1': 9}"
1371 / 457 = ,3,29,False,2; 2; 2; 2; 29; 29; 29; 2; 29; 2; 29; 29; 2; 29; 29; 2; 2; 2; 2; 2,2,False,"{'2': 12, '29': 8}"
1383 / 461 = ,3,29,False,29; 29; 29; 29; 29; 29; 29; 29; 29; 29; 29; 29; 29; 29; 29; 29; 29; 29; 29; 29,29,False,{'29': 20}
1396 - 1389 = ,7,10,False,10; 10; 10; 10; 10; 10; 10; 10; 10; 10; 10; 10; 10; 10; 10; 10; 10; 10; 10; 10,10,False,{'10': 20}
1398 - 1389 = ,9,10,False,10; 10; 10; 10; 10; 10; 10; 10; 10; 10; 10; 10; 10; 10; 10; 10; 10; 10; 10; 10,10,False,{'10': 20}
1415 - 1406 = ,9,10,False,10; 10; 10; 10; 10; 10; 10; 10; 10; 10; 10; 10; 10; 10; 10; 10; 10; 10; 10; 10,10,False,{'10': 20}
1415 - 1407 = ,8,18,False,18; 18; 18; 18; 18; 18; 18; 18; 18; 18; 18; 18; 18; 18; 18; 18; 18; 18; 18; 18,18,False,{'18': 20}
1415 - 1411 = ,4,10,False,10; 10; 10; 10; 10; 10; 10; 10; 10; 10; 10; 10; 10; 10; 10; 10; 10; 10; 10; 10,10,False,{'10': 20}
1421 - 1412 = ,9,10,False,10; 10; 10; 10; 10; 10; 10; 10; 10; 10; 10; 10; 10; 10; 10; 10; 10; 10; 10; 10,10,False,{'10': 20}
1422 - 1413 = ,9,19,False,19; 1; 19; 1; 1; 19; 19; 19; 1; 19; 1; 19; 1; 19; 1; 19; 19; 19; 19; 1,19,False,"{'19': 12, '1': 8}"
1428 - 1422 = ,6,10,False,10; 10; 10; 10; 10; 10; 10; 10; 10; 10; 10; 10; 10; 10; 10; 10; 10; 10; 10; 10,10,False,{'10': 20}
1434 - 1428 = ,6,15,False,15; 15; 15; 10; 15; 10; 10; 10; 15; 15; 15; 15; 15; 15; 10; 10; 15; 15; 15; 10,15,False,"{'15': 13, '10': 7}"
1447 - 1438 = ,9,10,False,10; 10; 10; 10; 10; 10; 10; 10; 10; 10; 10; 10; 10; 10; 10; 10; 10; 10; 10; 10,10,False,{'10': 20}
1447 - 1439 = ,8,18,False,18; 18; 18; 18; 18; 18; 18; 18; 18; 18; 18; 18; 18; 18; 18; 18; 18; 18; 18; 18,18,False,{'18': 20}
1452 - 1445 = ,7,10,False,10; 10; 10; 10; 10; 10; 10; 10; 10; 10; 10; 10; 10; 10; 10; 10; 10; 10; 10; 10,10,False,{'10': 20}
1453 - 1445 = ,8,10,False,10; 10; 10; 10; 10; 10; 10; 10; 10; 10; 10; 10; 10; 10; 10; 10; 10; 10; 10; 10,10,False,{'10': 20}
1454 / 727 = ,2,19,False,19; 19; 19; 19; 19; 19; 19; 19; 19; 19; 19; 19; 19; 19; 19; 19; 19; 19; 19; 19,19,False,{'19': 20}
1454 - 1445 = ,9,10,False,10; 10; 10; 10; 10; 10; 10; 10; 10; 10; 10; 10; 10; 10; 10; 10; 10; 10; 10; 10,10,False,{'10': 20}
1458 - 1449 = ,9,10,False,11; 11; 10; 11; 1; 1; 10; 11; 10; 10; 11; 11; 11; 11; 13; 11; 10; 13; 11; 11,11,False,"{'11': 11, '10': 5, '1': 2, '13': 2}"
1486 - 1478 = ,8,10,False,10; 10; 10; 10; 10; 10; 10; 10; 10; 10; 10; 10; 10; 10; 10; 10; 10; 10; 10; 10,10,False,{'10': 20}
1492 - 1487 = ,5,13,False,13; 13; 13; 13; 13; 13; 13; 13; 13; 13; 13; 13; 13; 13; 13; 13; 13; 13; 13; 13,13,False,{'13': 20}
1492 - 1489 = ,3,10,False,10; 10; 10; 10; 10; 10; 10; 10; 10; 10; 10; 10; 10; 10; 10; 10; 10; 10; 10; 10,10,False,{'10': 20}
1565 - 1556 = ,9,10,False,10; 10; 10; 10; 10; 10; 10; 10; 10; 10; 10; 10; 10; 10; 10; 10; 10; 10; 10; 10,10,False,{'10': 20}
1618 - 1609 = ,9,11,False,11; 11; 11; 11; 11; 11; 11; 11; 11; 11; 11; 11; 1; 1; 11; 11; 11; 11; 11; 11,11,False,"{'11': 18, '1': 2}"
1618 - 1611 = ,7,10,False,10; 10; 10; 10; 10; 10; 10; 10; 10; 10; 10; 10; 10; 10; 10; 10; 10; 10; 10; 10,10,False,{'10': 20}
1638 - 1629 = ,9,10,False,10; 10; 9; 9; 9; 10; 10; 10; 10; 10; 10; 10; 10; 9; 9; 10; 9; 9; 9; 10,10,False,"{'10': 12, '9': 8}"
1652 / 826 = ,2,1.94,False,1.93; 1.99; 2; 2; 2; 2; 1.94; 1.97; 1; 1.999; 2; 2; 2; 2; 2; 2; 1.79; 2; 1.6473; 1.649,2,True,"{'1.93': 1, '1.99': 1, '2': 11, '1.94': 1, '1.97': 1, '1': 1, '1.999': 1, '1.79': 1, '1.6473': 1, '1.649': 1}"
1714 - 1711 = ,3,10,False,10; 2; 2; 10; 2; 2; 2; 10; 10; 2; 2; 2; 2; 2; 10; 2; 10; 10; 10; 2,2,False,"{'10': 8, '2': 12}"
1718 - 1711 = ,7,10,False,10; 10; 10; 10; 10; 10; 10; 10; 10; 10; 10; 10; 10; 10; 10; 10; 10; 10; 10; 10,10,False,{'10': 20}
1726 - 1717 = ,9,10,False,10; 9; 9; 10; 10; 9; 10; 10; 10; 9; 10; 9; 10; 10; 10; 10; 10; 10; 10; 9,10,False,"{'10': 14, '9': 6}"
1768 / 442 = ,4,40,False,4; 4; 40; 40; 40; 4; 4; 4; 40; 40; 4; 40; 4; 40; 40; 40; 4; 40; 40; 4,40,False,"{'4': 9, '40': 11}"
1772 / 886 = ,2,19,False,19; 2; 19; 2; 19; 2; 19; 1; 19; 2; 2; 19; 19; 2; 19; 19; 2; 1; 19; 1,19,False,"{'19': 10, '2': 7, '1': 3}"
1786 - 1778 = ,8,10,False,10; 10; 10; 10; 10; 10; 10; 10; 10; 10; 10; 10; 10; 10; 10; 10; 10; 10; 10; 10,10,False,{'10': 20}
1816 / 454 = ,4,40,False,40; 40; 40; 40; 40; 40; 40; 40; 40; 40; 4; 4; 4; 40; 40; 4; 40; 40; 40; 40,40,False,"{'40': 16, '4': 4}"
1828 / 457 = ,4,40,False,40; 40; 40; 40; 40; 40; 40; 40; 40; 40; 40; 40; 40; 40; 40; 40; 40; 40; 40; 40,40,False,{'40': 20}
1832 / 458 = ,4,40,False,40; 40; 40; 40; 40; 40; 40; 40; 40; 40; 40; 40; 40; 40; 40; 40; 40; 40; 40; 40,40,False,{'40': 20}
1844 / 461 = ,4,40,False,40; 40; 40; 40; 40; 40; 40; 40; 40; 40; 40; 40; 40; 40; 40; 40; 40; 40; 40; 40,40,False,{'40': 20}
1844 / 922 = ,2,20,False,20; 20; 20; 20; 20; 20; 20; 20; 20; 20; 20; 20; 20; 20; 20; 20; 20; 20; 20; 20,20,False,{'20': 20}
1847 - 1838 = ,9,11,False,12; 12; 11; 12; 11; 11; 11; 11; 11; 12; 11; 12; 12; 11; 12; 10; 11; 10; 10; 10,11,False,"{'12': 7, '11': 9, '10': 4}"
1852 / 463 = ,4,40,False,40; 40; 40; 40; 40; 4; 4; 40; 40; 40; 40; 4; 40; 40; 40; 4; 40; 4; 4; 40,40,False,"{'40': 14, '4': 6}"
1853 - 1845 = ,8,10,False,10; 10; 10; 10; 10; 10; 10; 10; 10; 10; 10; 10; 10; 10; 10; 10; 10; 10; 10; 10,10,False,{'10': 20}
1856 / 464 = ,4,40,False,40; 40; 40; 40; 40; 40; 40; 40; 40; 40; 40; 40; 40; 40; 40; 40; 40; 40; 40; 40,40,False,{'40': 20}
1863 - 1854 = ,9,11,False,11; 11; 11; 11; 11; 11; 11; 11; 11; 11; 11; 11; 11; 11; 11; 11; 11; 11; 11; 11,11,False,{'11': 20}
1864 / 466 = ,4,40,False,40; 40; 4; 40; 40; 40; 40; 40; 40; 40; 40; 40; 40; 40; 40; 4; 40; 40; 4; 40,40,False,"{'40': 17, '4': 3}"
1865 - 1856 = ,9,10,False,10; 9; 9; 10; 10; 9; 10; 10; 10; 10; 10; 9; 9; 10; 10; 10; 9; 9; 9; 9,10,False,"{'10': 11, '9': 9}"
1867 - 1858 = ,9,11,False,11; 11; 11; 10; 10; 11; 11; 11; 11; 11; 11; 11; 11; 10; 11; 11; 11; 11; 11; 11,11,False,"{'11': 17, '10': 3}"
1868 / 467 = ,4,40,False,40; 40; 40; 40; 40; 40; 40; 40; 40; 40; 40; 40; 40; 40; 40; 40; 40; 40; 40; 40,40,False,{'40': 20}
1883 - 1879 = ,4,10,False,10; 4; 10; 4; 10; 10; 10; 10; 10; 10; 4; 10; 10; 5; 10; 10; 10; 4; 10; 10,10,False,"{'10': 15, '4': 4, '5': 1}"
1885 - 1876 = ,9,11,False,9; 11; 10; 11; 11; 10; 9; 9; 9; 9; 10; 10; 10; 11; 9; 9; 9; 10; 11; 9,9,True,"{'9': 9, '11': 5, '10': 6}"
1886 - 1877 = ,9,11,False,11; 11; 11; 11; 15; 11; 12; 11; 11; 11; 11; 11; 11; 11; 12; 11; 11; 11; 11; 11,11,False,"{'11': 17, '15': 1, '12': 2}"
1886 - 1878 = ,8,10,False,10; 10; 10; 10; 10; 10; 10; 10; 10; 10; 10; 10; 10; 10; 10; 10; 10; 10; 10; 10,10,False,{'10': 20}
1897 - 1888 = ,9,10,False,10; 10; 10; 10; 10; 10; 11; 10; 10; 10; 10; 10; 10; 11; 10; 10; 10; 10; 10; 10,10,False,"{'10': 18, '11': 2}"
1900 - 1899 = ,1,10,False,10; 10; 10; 10; 10; 10; 10; 10; 10; 10; 1; 1; 10; 10; 1; 1; 10; 10; 10; 1,10,False,"{'10': 15, '1': 5}"
1914 - 1905 = ,9,11,False,11; 11; 11; 11; 11; 11; 11; 11; 11; 11; 11; 11; 11; 11; 11; 11; 11; 11; 11; 11,11,False,{'11': 20}
1914 - 1906 = ,8,10,False,10; 10; 10; 10; 10; 10; 10; 10; 10; 10; 10; 10; 10; 10; 10; 10; 10; 10; 10; 10,10,False,{'10': 20}
1914 - 1907 = ,7,13,False,13; 13; 13; 13; 13; 13; 13; 13; 13; 13; 13; 13; 13; 13; 13; 13; 13; 13; 13; 13,13,False,{'13': 20}
1914 - 1908 = ,6,12,False,12; 12; 12; 12; 12; 12; 12; 12; 12; 12; 12; 12; 12; 12; 12; 12; 12; 12; 12; 12,12,False,{'12': 20}
1914 - 1909 = ,5,11,False,11; 11; 11; 11; 1; 11; 1; 1; 1; 11; 11; 11; 1; 11; 11; 1; 11; 11; 1; 1,11,False,"{'11': 12, '1': 8}"
1915 - 1906 = ,9,11,False,11; 10; 11; 11; 11; 11; 11; 11; 11; 10; 11; 11; 10; 10; 10; 11; 11; 11; 11; 11,11,False,"{'11': 15, '10': 5}"
1915 - 1907 = ,8,13,False,14; 12; 14; 13; 14; 13; 13; 14; 14; 13; 14; 13; 14; 13; 12; 14; 13; 13; 12; 13,13,False,"{'14': 8, '12': 3, '13': 9}"
1915 - 1908 = ,7,13,False,13; 3; 13; 3; 13; 12; 3; 3; 3; 13; 3; 3; 12; 13; 13; 3; 3; 13; 13; 3,3,False,"{'13': 8, '3': 10, '12': 2}"
1915 - 1909 = ,6,11,False,11; 11; 11; 11; 12; 11; 11; 12; 11; 11; 12; 11; 12; 12; 11; 12; 11; 11; 11; 11,11,False,"{'11': 14, '12': 6}"
1916 - 1907 = ,9,11,False,11; 11; 11; 11; 11; 11; 11; 11; 11; 11; 11; 11; 11; 11; 12; 11; 11; 11; 11; 11,11,False,"{'11': 19, '12': 1}"
1917 - 1908 = ,9,11,False,11; 11; 11; 11; 11; 11; 11; 11; 11; 11; 11; 11; 11; 11; 11; 11; 11; 11; 11; 11,11,False,{'11': 20}
1917 - 1909 = ,8,11,False,11; 12; 12; 11; 12; 12; 11; 12; 11; 11; 12; 11; 12; 11; 11; 11; 12; 11; 11; 11,11,False,"{'11': 12, '12': 8}"
1918 - 1909 = ,9,11,False,11; 11; 11; 11; 11; 11; 11; 11; 11; 12; 11; 11; 12; 11; 11; 11; 11; 11; 11; 11,11,False,"{'11': 18, '12': 2}"
1918 - 1911 = ,7,10,False,10; 10; 10; 10; 10; 10; 10; 10; 10; 10; 10; 10; 10; 10; 10; 10; 10; 10; 10; 10,10,False,{'10': 20}
1921 - 1912 = ,9,10,False,10; 10; 10; 10; 10; 10; 10; 10; 10; 10; 10; 10; 10; 10; 10; 10; 10; 10; 10; 10,10,False,{'10': 20}
1921 - 1913 = ,8,10,False,10; 10; 10; 10; 10; 10; 10; 10; 10; 10; 10; 10; 10; 10; 10; 10; 10; 10; 10; 10,10,False,{'10': 20}
1921 - 1917 = ,4,10,False,10; 10; 10; 10; 10; 10; 9; 10; 10; 10; 10; 9; 10; 9; 10; 10; 10; 10; 10; 10,10,False,"{'10': 17, '9': 3}"
1921 - 1918 = ,3,10,False,10; 10; 10; 10; 9; 10; 10; 10; 10; 10; 10; 10; 10; 9; 10; 10; 10; 10; 9; 10,10,False,"{'10': 17, '9': 3}"
1922 - 1913 = ,9,10,False,10; 10; 10; 10; 10; 10; 10; 10; 10; 10; 10; 10; 10; 10; 10; 10; 10; 10; 10; 10,10,False,{'10': 20}
1922 - 1914 = ,8,10,False,10; 10; 9; 10; 10; 10; 9; 10; 9; 9; 10; 10; 9; 10; 10; 10; 10; 10; 9; 10,10,False,"{'10': 14, '9': 6}"
1922 - 1916 = ,6,10,False,9; 9; 9; 9; 8; 10; 10; 10; 9; 9; 8; 9; 10; 10; 8; 9; 10; 8; 10; 8,9,False,"{'9': 8, '8': 5, '10': 7}"
1922 - 1918 = ,4,10,False,9; 9; 9; 10; 10; 10; 9; 10; 10; 10; 9; 10; 10; 10; 10; 10; 10; 10; 10; 10,10,False,"{'9': 5, '10': 15}"
1923 - 1914 = ,9,11,False,10; 10; 11; 11; 11; 11; 11; 11; 11; 10; 10; 10; 11; 11; 10; 11; 10; 11; 11; 10,11,False,"{'10': 8, '11': 12}"
1924 - 1918 = ,6,15,False,15; 13; 6; 15; 15; 15; 13; 13; 13; 13; 15; 6; 6; 15; 13; 15; 6; 15; 15; 15,15,False,"{'15': 10, '13': 6, '6': 4}"
1926 - 1917 = ,9,10,False,10; 10; 10; 10; 10; 10; 10; 10; 10; 10; 10; 10; 10; 10; 10; 10; 10; 10; 10; 10,10,False,{'10': 20}
1928 / 482 = ,4,40,False,40; 40; 40; 40; 40; 40; 4; 4; 4; 40; 40; 40; 40; 40; 40; 4; 40; 40; 4; 4,40,False,"{'40': 14, '4': 6}"
1928 - 1919 = ,9,10,False,10; 11; 10; 10; 9; 10; 10; 10; 10; 10; 11; 10; 10; 10; 10; 11; 10; 10; 10; 10,10,False,"{'10': 16, '11': 3, '9': 1}"
1936 / 484 = ,4,40,False,40; 4; 40; 40; 40; 40; 40; 40; 40; 40; 40; 40; 40; 4; 40; 40; 40; 40; 40; 40,40,False,"{'40': 18, '4': 2}"
1940 - 1931 = ,9,29,False,29; 29; 29; 29; 29; 29; 29; 29; 29; 29; 29; 29; 29; 29; 29; 29; 29; 29; 29; 29,29,False,{'29': 20}
1941 - 1932 = ,9,11,False,11; 11; 11; 11; 11; 11; 11; 11; 11; 11; 11; 11; 11; 11; 11; 11; 11; 11; 11; 11,11,False,{'11': 20}
1941 - 1933 = ,8,12,False,12; 12; 12; 12; 12; 12; 12; 12; 12; 12; 12; 12; 12; 12; 12; 12; 12; 12; 12; 12,12,False,{'12': 20}
1942 - 1933 = ,9,11,False,11; 11; 11; 11; 11; 11; 11; 11; 11; 11; 11; 11; 11; 11; 11; 11; 11; 11; 11; 11,11,False,{'11': 20}
1942 - 1939 = ,3,10,False,10; 10; 10; 10; 10; 10; 10; 10; 10; 10; 10; 10; 10; 10; 10; 10; 10; 10; 10; 10,10,False,{'10': 20}
1943 - 1934 = ,9,10,False,10; 9; 10; 10; 10; 10; 9; 9; 10; 9; 10; 9; 10; 10; 10; 10; 9; 10; 10; 10,10,False,"{'10': 14, '9': 6}"
1943 - 1939 = ,4,10,False,10; 10; 10; 10; 10; 10; 10; 10; 10; 10; 10; 10; 10; 10; 10; 10; 10; 10; 10; 10,10,False,{'10': 20}
1944 - 1935 = ,9,10,False,10; 10; 10; 10; 10; 10; 10; 10; 10; 10; 10; 10; 10; 10; 10; 10; 10; 10; 10; 10,10,False,{'10': 20}
1945 - 1937 = ,8,10,False,8; 8; 8; 10; 8; 10; 8; 8; 10; 12; 12; 8; 8; 8; 8; 8; 10; 8; 8; 8,8,True,"{'8': 14, '10': 4, '12': 2}"
1945 - 1939 = ,6,10,False,10; 10; 10; 10; 10; 10; 10; 10; 10; 10; 10; 10; 10; 10; 10; 10; 10; 10; 10; 10,10,False,{'10': 20}
1946 - 1937 = ,9,10,False,10; 10; 10; 10; 10; 10; 10; 10; 11; 10; 11; 10; 10; 11; 10; 10; 10; 10; 10; 11,10,False,"{'10': 16, '11': 4}"
1946 - 1939 = ,7,10,False,5; 10; 5; 10; 10; 10; 5; 10; 10; 10; 10; 10; 10; 5; 10; 5; 10; 10; 10; 10,10,False,"{'5': 5, '10': 15}"
1947 - 1938 = ,9,11,False,10; 10; 11; 11; 11; 10; 11; 10; 10; 11; 11; 11; 11; 11; 11; 10; 10; 11; 11; 10,11,False,"{'10': 8, '11': 12}"
1947 - 1939 = ,8,10,False,8; 8; 10; 10; 10; 8; 8; 10; 10; 8; 10; 10; 9; 10; 9; 8; 10; 8; 9; 9,10,False,"{'8': 7, '10': 9, '9': 4}"
1948 - 1939 = ,9,10,False,10; 10; 10; 10; 10; 10; 10; 10; 10; 10; 10; 10; 10; 10; 10; 10; 10; 10; 10; 10,10,False,{'10': 20}
1952 - 1943 = ,9,19,False,19; 10; 19; 19; 19; 11; 19; 10; 19; 19; 10; 19; 11; 13; 19; 19; 19; 19; 19; 10,19,False,"{'19': 13, '10': 4, '11': 2, '13': 1}"
1953 - 1944 = ,9,11,False,11; 11; 11; 11; 11; 11; 11; 11; 11; 11; 11; 11; 11; 11; 11; 11; 11; 11; 11; 11,11,False,{'11': 20}
1953 - 1945 = ,8,10,False,10; 10; 10; 10; 10; 10; 10; 9; 9; 10; 10; 10; 9; 10; 9; 10; 10; 10; 10; 10,10,False,"{'10': 16, '9': 4}"
1955 - 1946 = ,9,10,False,10; 8; 10; 8; 8; 10; 10; 10; 10; 8; 10; 10; 8; 8; 10; 10; 10; 10; 10; 8,10,False,"{'10': 13, '8': 7}"
1956 - 1947 = ,9,10,False,10; 10; 10; 10; 10; 10; 10; 9; 10; 10; 10; 10; 9; 10; 10; 9; 10; 9; 9; 10,10,False,"{'10': 15, '9': 5}"
1958 - 1949 = ,9,10,False,10; 6; 10; 10; 10; 10; 10; 10; 10; 10; 10; 10; 10; 10; 10; 10; 10; 10; 10; 10,10,False,"{'10': 19, '6': 1}"
1960 - 1953 = ,7,28,False,28; 7; 7; 28; 28; 7; 28; 28; 7; 28; 28; 7; 28; 28; 7; 28; 28; 7; 7; 28,28,False,"{'28': 12, '7': 8}"
1962 - 1953 = ,9,11,False,11; 11; 11; 11; 11; 11; 11; 11; 11; 11; 11; 11; 11; 11; 11; 11; 11; 11; 11; 11,11,False,{'11': 20}
1962 - 1954 = ,8,11,False,13; 13; 10; 11; 13; 11; 11; 11; 11; 13; 11; 13; 11; 11; 13; 11; 11; 10; 11; 13,11,False,"{'13': 7, '10': 2, '11': 11}"
1962 - 1955 = ,7,10,False,10; 10; 11; 11; 11; 11; 11; 11; 10; 10; 11; 10; 10; 11; 11; 10; 11; 10; 10; 10,10,False,"{'10': 10, '11': 10}"
1962 - 1956 = ,6,10,False,10; 10; 10; 10; 10; 10; 10; 10; 10; 10; 10; 10; 10; 10; 10; 10; 10; 10; 10; 10,10,False,{'10': 20}
1963 - 1954 = ,9,11,False,11; 11; 11; 11; 11; 11; 11; 11; 11; 11; 11; 11; 11; 11; 11; 11; 11; 11; 11; 11,11,False,{'11': 20}
1963 - 1955 = ,8,10,False,10; 10; 10; 10; 10; 10; 10; 10; 10; 10; 10; 10; 10; 10; 10; 10; 10; 10; 10; 10,10,False,{'10': 20}
1963 - 1956 = ,7,10,False,10; 10; 10; 10; 10; 10; 10; 10; 10; 10; 10; 10; 10; 10; 10; 10; 10; 10; 10; 10,10,False,{'10': 20}
1963 - 1958 = ,5,10,False,10; 10; 10; 10; 10; 10; 10; 10; 10; 10; 10; 10; 10; 10; 10; 10; 10; 10; 10; 10,10,False,{'10': 20}
1963 - 1959 = ,4,10,False,10; 10; 10; 10; 11; 11; 10; 10; 10; 10; 10; 10; 10; 10; 10; 10; 10; 10; 10; 10,10,False,"{'10': 18, '11': 2}"
1964 - 1955 = ,9,10,False,10; 10; 10; 10; 10; 10; 10; 10; 10; 10; 10; 10; 10; 10; 10; 10; 10; 10; 10; 10,10,False,{'10': 20}
1964 - 1956 = ,8,10,False,10; 10; 10; 10; 10; 10; 10; 10; 10; 10; 10; 10; 10; 10; 10; 10; 10; 10; 10; 10,10,False,{'10': 20}
1964 - 1958 = ,6,10,False,10; 10; 10; 10; 10; 10; 10; 10; 10; 10; 10; 10; 10; 10; 10; 10; 10; 10; 10; 10,10,False,{'10': 20}
1964 - 1959 = ,5,10,False,10; 10; 10; 10; 10; 10; 10; 10; 10; 10; 10; 10; 10; 10; 10; 10; 10; 10; 10; 10,10,False,{'10': 20}
1965 - 1956 = ,9,10,False,10; 10; 10; 10; 10; 10; 10; 10; 10; 10; 10; 10; 10; 10; 10; 10; 10; 10; 10; 10,10,False,{'10': 20}
1966 - 1957 = ,9,10,False,10; 10; 10; 10; 10; 10; 10; 10; 10; 10; 10; 10; 10; 10; 10; 10; 10; 10; 10; 10,10,False,{'10': 20}
1967 - 1958 = ,9,10,False,10; 10; 10; 10; 10; 10; 10; 10; 10; 10; 10; 10; 10; 10; 10; 10; 10; 10; 10; 10,10,False,{'10': 20}
1967 - 1959 = ,8,12,False,12; 12; 12; 12; 12; 12; 12; 10; 12; 12; 12; 12; 12; 10; 10; 12; 12; 12; 12; 10,12,False,"{'12': 16, '10': 4}"
1968 - 1959 = ,9,11,False,11; 11; 11; 11; 10; 11; 10; 11; 11; 10; 11; 10; 11; 11; 11; 11; 10; 11; 10; 11,11,False,"{'11': 14, '10': 6}"
1973 - 1964 = ,9,11,False,10; 10; 12; 11; 11; 11; 11; 11; 11; 11; 12; 10; 11; 11; 11; 10; 11; 10; 12; 12,11,False,"{'10': 5, '12': 4, '11': 11}"
1973 - 1965 = ,8,14,False,14; 14; 18; 14; 14; 14; 14; 18; 14; 18; 14; 18; 18; 14; 14; 14; 18; 14; 18; 14,14,False,"{'14': 13, '18': 7}"
1973 - 1966 = ,7,10,False,7; 10; 10; 11; 10; 7; 7; 7; 10; 10; 10; 7; 11; 10; 10; 11; 10; 10; 10; 7,10,False,"{'7': 6, '10': 11, '11': 3}"
1974 - 1965 = ,9,10,False,13; 11; 13; 11; 13; 13; 11; 10; 10; 13; 10; 13; 10; 10; 10; 10; 11; 10; 13; 10,10,False,"{'13': 7, '11': 4, '10': 9}"
1974 - 1966 = ,8,10,False,10; 10; 10; 10; 10; 10; 10; 10; 10; 10; 10; 10; 10; 10; 10; 10; 10; 10; 10; 10,10,False,{'10': 20}
1975 - 1966 = ,9,10,False,10; 10; 10; 10; 10; 10; 10; 10; 10; 10; 10; 10; 10; 10; 10; 10; 10; 10; 10; 10,10,False,{'10': 20}
1976 - 1967 = ,9,10,False,9; 10; 10; 9; 10; 10; 10; 9; 10; 9; 10; 9; 10; 10; 10; 9; 10; 9; 9; 10,10,False,"{'9': 8, '10': 12}"
1986 - 1977 = ,9,10,False,9; 10; 9; 10; 10; 10; 10; 10; 10; 10; 10; 10; 10; 10; 10; 9; 10; 10; 10; 10,10,False,"{'9': 3, '10': 17}"
1988 - 1979 = ,9,10,False,10; 10; 10; 10; 10; 10; 10; 10; 10; 10; 10; 10; 10; 10; 10; 10; 10; 10; 10; 10,10,False,{'10': 20}
1991 - 1983 = ,8,14,False,14; 14; 14; 14; 14; 14; 14; 14; 14; 14; 14; 14; 14; 14; 14; 14; 14; 14; 14; 14,14,False,{'14': 20}
1991 - 1986 = ,5,15,False,15; 15; 15; 14; 14; 15; 15; 15; 15; 14; 15; 15; 15; 15; 15; 15; 15; 15; 14; 15,15,False,"{'15': 16, '14': 4}"
1992 - 1983 = ,9,11,False,10; 10; 11; 10; 11; 11; 10; 11; 11; 11; 10; 11; 10; 10; 11; 10; 11; 11; 11; 10,11,False,"{'10': 9, '11': 11}"
1992 - 1985 = ,7,13,False,14; 13; 13; 13; 14; 14; 14; 13; 13; 13; 13; 13; 13; 14; 14; 13; 13; 13; 13; 13,13,False,"{'14': 6, '13': 14}"
1992 - 1986 = ,6,14,False,10; 10; 10; 14; 10; 10; 14; 14; 14; 14; 14; 14; 14; 14; 14; 14; 10; 14; 14; 14,14,False,"{'10': 6, '14': 14}"
1992 - 1987 = ,5,13,False,13; 13; 13; 13; 13; 13; 13; 13; 13; 13; 13; 13; 13; 13; 13; 13; 13; 13; 13; 13,13,False,{'13': 20}
1992 - 1988 = ,4,10,False,10; 10; 10; 10; 10; 10; 10; 10; 10; 10; 10; 10; 10; 10; 10; 10; 10; 10; 10; 10,10,False,{'10': 20}
1992 - 1989 = ,3,10,False,10; 10; 10; 10; 10; 10; 10; 10; 10; 10; 10; 10; 10; 10; 10; 10; 10; 10; 10; 10,10,False,{'10': 20}
1993 - 1984 = ,9,10,False,11; 10; 10; 10; 10; 10; 10; 10; 11; 10; 11; 10; 10; 11; 10; 10; 11; 11; 10; 10,10,False,"{'11': 6, '10': 14}"
1993 - 1985 = ,8,10,False,10; 10; 10; 10; 10; 10; 10; 10; 10; 10; 10; 10; 10; 10; 10; 10; 10; 10; 10; 10,10,False,{'10': 20}
1993 - 1986 = ,7,10,False,10; 10; 11; 11; 10; 10; 11; 11; 10; 10; 10; 11; 11; 11; 11; 10; 10; 11; 10; 10,10,False,"{'10': 11, '11': 9}"
1993 - 1987 = ,6,14,False,14; 14; 14; 14; 14; 14; 14; 14; 14; 14; 14; 14; 14; 14; 14; 14; 14; 14; 14; 14,14,False,{'14': 20}
1993 - 1988 = ,5,10,False,11; 10; 11; 11; 11; 11; 10; 10; 11; 10; 10; 10; 10; 10; 11; 10; 10; 10; 10; 10,10,False,"{'11': 7, '10': 13}"
1993 - 1989 = ,4,10,False,10; 10; 10; 10; 10; 10; 10; 10; 10; 10; 10; 10; 10; 10; 10; 10; 10; 10; 10; 10,10,False,{'10': 20}
1994 - 1985 = ,9,10,False,10; 10; 10; 10; 10; 10; 10; 10; 10; 10; 10; 10; 10; 10; 10; 10; 10; 10; 10; 10,10,False,{'10': 20}
1994 - 1986 = ,8,10,False,10; 10; 10; 10; 10; 10; 10; 10; 10; 10; 10; 10; 10; 10; 10; 10; 10; 10; 10; 10,10,False,{'10': 20}
1994 - 1987 = ,7,13,False,13; 13; 13; 13; 13; 13; 13; 13; 13; 11; 13; 13; 13; 13; 13; 13; 13; 13; 13; 13,13,False,"{'13': 19, '11': 1}"
1994 - 1988 = ,6,10,False,10; 10; 10; 10; 10; 10; 10; 10; 10; 10; 10; 10; 10; 10; 10; 10; 10; 10; 10; 10,10,False,{'10': 20}
1994 - 1989 = ,5,10,False,10; 10; 10; 10; 10; 10; 10; 10; 10; 10; 10; 10; 10; 10; 10; 10; 10; 10; 10; 10,10,False,{'10': 20}
1995 - 1986 = ,9,10,False,10; 10; 10; 10; 10; 10; 10; 10; 10; 10; 10; 10; 10; 10; 10; 10; 10; 10; 10; 10,10,False,{'10': 20}
1995 - 1987 = ,8,10,False,10; 10; 10; 10; 10; 10; 10; 10; 10; 10; 10; 10; 10; 10; 10; 10; 10; 10; 10; 10,10,False,{'10': 20}
1995 - 1988 = ,7,10,False,10; 10; 10; 10; 10; 10; 10; 12; 10; 12; 10; 10; 12; 12; 10; 10; 10; 10; 12; 10,10,False,"{'10': 15, '12': 5}"
1995 - 1989 = ,6,10,False,10; 10; 10; 10; 10; 10; 10; 10; 10; 10; 10; 10; 10; 10; 10; 10; 10; 10; 10; 10,10,False,{'10': 20}
1996 - 1987 = ,9,13,False,13; 13; 13; 13; 13; 13; 13; 13; 13; 13; 13; 13; 13; 13; 13; 13; 13; 13; 13; 13,13,False,{'13': 20}
1996 - 1988 = ,8,10,False,10; 10; 10; 10; 10; 10; 10; 10; 10; 10; 10; 10; 10; 10; 10; 10; 10; 10; 10; 10,10,False,{'10': 20}
1996 - 1989 = ,7,10,False,10; 10; 10; 10; 10; 10; 10; 10; 10; 10; 10; 10; 10; 10; 10; 10; 10; 10; 10; 10,10,False,{'10': 20}
1997 - 1988 = ,9,10,False,10; 10; 10; 10; 10; 10; 10; 10; 10; 10; 10; 10; 10; 10; 10; 10; 10; 10; 10; 10,10,False,{'10': 20}
1997 - 1989 = ,8,10,False,10; 10; 10; 10; 10; 10; 10; 10; 10; 10; 10; 10; 10; 10; 10; 10; 10; 10; 10; 10,10,False,{'10': 20}
1998 - 1989 = ,9,10,False,10; 10; 10; 10; 10; 10; 10; 10; 10; 10; 10; 10; 10; 10; 10; 10; 10; 10; 10; 10,10,False,{'10': 20}
2007 - 1998 = ,9,11,False,11; 11; 11; 11; 11; 11; 11; 11; 11; 11; 11; 11; 11; 11; 11; 11; 11; 11; 11; 11,11,False,{'11': 20}
2007 - 1999 = ,8,10,False,10; 10; 10; 10; 11; 10; 11; 10; 10; 10; 10; 10; 10; 11; 10; 10; 10; 10; 11; 10,10,False,"{'10': 16, '11': 4}"
2030 / 406 = ,5,49,False,49; 49; 49; 49; 49; 49; 49; 49; 49; 49; 49; 49; 49; 49; 49; 49; 49; 49; 49; 49,49,False,{'49': 20}
2035 / 407 = ,5,49,False,49; 49; 4; 49; 49; 4; 49; 49; 49; 4; 4; 4; 49; 49; 49; 49; 49; 4; 49; 49,49,False,"{'49': 14, '4': 6}"
2060 / 412 = ,5,49,False,49; 49; 49; 49; 49; 49; 49; 49; 5; 49; 49; 49; 5; 49; 49; 49; 49; 49; 49; 49,49,False,"{'49': 18, '5': 2}"
2062 - 2056 = ,6,10,False,1; 10; 10; 10; 1; 1; 1; 10; 1; 1; 10; 1; 10; 10; 10; 1; 10; 10; 1; 10,10,False,"{'1': 9, '10': 11}"
2065 / 413 = ,5,49,False,49; 49; 49; 49; 4; 49; 49; 4; 49; 49; 49; 49; 4; 49; 49; 4; 49; 49; 4; 49,49,False,"{'49': 15, '4': 5}"
2075 / 415 = ,5,49,False,49; 49; 49; 49; 49; 49; 49; 49; 49; 49; 49; 49; 49; 49; 49; 49; 49; 49; 49; 49,49,False,{'49': 20}
2085 / 417 = ,5,49,False,49; 49; 49; 49; 49; 49; 49; 49; 49; 49; 49; 49; 49; 49; 49; 49; 49; 49; 49; 49,49,False,{'49': 20}
2097 - 2088 = ,9,11,False,11; 11; 11; 11; 11; 11; 11; 11; 11; 11; 11; 11; 11; 11; 11; 11; 11; 11; 11; 11,11,False,{'11': 20}
2097 - 2089 = ,8,10,False,10; 10; 10; 10; 10; 10; 10; 10; 10; 10; 10; 10; 10; 10; 10; 10; 10; 10; 10; 10,10,False,{'10': 20}
2121 / 2121 = ,1,100,False,1; 100; 1; 1; 100; 1; 100; 1; 100; 100; 1; 1; 100; 100; 100; 100; 100; 100; 100; 100,100,False,"{'1': 7, '100': 13}"
2155 / 431 = ,5,49,False,49; 5; 4; 4; 5; 4; 49; 49; 49; 49; 5; 49; 49; 4; 5; 5; 5; 49; 49; 49,49,False,"{'49': 10, '5': 6, '4': 4}"
2163 / 721 = ,3,30,False,30; 3; 30; 30; 3; 3; 3; 30; 30; 30; 3; 3; 30; 3; 3; 3; 3; 30; 30; 3,3,True,"{'30': 9, '3': 11}"
2165 / 433 = ,5,49,False,49; 49; 49; 4; 49; 49; 49; 49; 4; 49; 49; 49; 49; 49; 49; 49; 49; 49; 49; 4,49,False,"{'49': 17, '4': 3}"
2167 - 2162 = ,5,54,False,54; 54; 54; 54; 54; 54; 54; 54; 54; 54; 54; 54; 54; 54; 54; 54; 54; 54; 54; 54,54,False,{'54': 20}
2168 - 2162 = ,6,64,False,64; 64; 64; 64; 64; 64; 64; 64; 64; 64; 64; 64; 64; 64; 64; 64; 64; 64; 64; 64,64,False,{'64': 20}
2185 / 437 = ,5,49,False,4; 49; 49; 4; 49; 4; 4; 49; 49; 4; 49; 4; 4; 49; 49; 4; 4; 49; 4; 4,4,False,"{'4': 11, '49': 9}"
2198 - 2189 = ,9,10,False,1; 10; 1; 1; 10; 10; 10; 10; 10; 10; 10; 10; 10; 1; 10; 10; 1; 10; 10; 1,10,False,"{'1': 6, '10': 14}"
2210 / 2210 = ,1,1005,False,1005; 1; 1005; 1; 100; 100; 1005; 101; 1; 1005; 1010; 1; 1005; 1005; 1; 1005; 100; 101; 101; 1,1005,False,"{'1005': 7, '1': 6, '100': 3, '101': 3, '1010': 1}"
2221 - 2212 = ,9,-91,False,-91; -91; -91; -91; -91; -91; -91; -91; -91; -91; -91; -91; -91; -91; -91; -91; -91; -91; -91; -91,-91,False,{'-91': 20}
2221 - 2213 = ,8,-12,False,-12; -12; -12; -12; -12; -12; -12; -12; -12; -12; -12; -12; -12; -12; -12; -12; -12; -12; -12; -12,-12,False,{'-12': 20}
2224 / 1112 = ,2,20,False,20; 20; 20; 20; 20; 20; 20; 20; 20; 20; 20; 20; 20; 20; 20; 20; 20; 20; 20; 20,20,False,{'20': 20}
2242 - 2234 = ,8,10,False,10; 1; 10; 10; 1; 1; 10; 10; 10; 1; 10; 10; 10; 10; 10; 10; 1; 10; 1; 10,10,False,"{'10': 14, '1': 6}"
2253 - 2245 = ,8,10,False,10; 10; 10; 10; 10; 10; 10; 10; 10; 10; 10; 10; 10; 10; 10; 10; 10; 10; 10; 10,10,False,{'10': 20}
2265 / 453 = ,5,50,False,50; 50; 5; 5; 5; 5; 50; 50; 50; 5; 50; 50; 50; 5; 5; 5; 50; 50; 50; 50,50,False,"{'50': 12, '5': 8}"
2280 / 456 = ,5,49,False,5; 5; 4; 49; 5; 4; 49; 5; 49; 49; 49; 4; 5; 5; 4; 49; 49; 49; 5; 49,49,False,"{'5': 7, '4': 4, '49': 9}"
2285 / 457 = ,5,49,False,49; 5; 5; 5; 49; 5; 5; 5; 5; 5; 49; 5; 5; 5; 49; 5; 49; 5; 5; 49,5,True,"{'49': 6, '5': 14}"
2298 - 2289 = ,9,10,False,10; 10; 10; 10; 10; 10; 10; 10; 10; 10; 10; 10; 10; 10; 10; 10; 10; 10; 10; 10,10,False,{'10': 20}
2318 - 2311 = ,7,10,False,10; 10; 10; 10; 10; 10; 10; 10; 10; 10; 10; 10; 10; 10; 10; 10; 10; 10; 10; 10,10,False,{'10': 20}
2321 / 2321 = ,1,1000,False,10000; 1000; 10000; 1000; 10000; 1000; 10000; 10000; 10000; 1; 1000; 10000; 10000; 10000; 1; 1; 1; 1000; 10000; 1,10000,False,"{'10000': 10, '1000': 5, '1': 5}"
2323 / 2323 = ,1,100,False,100; 100; 100; 100; 100; 100; 10; 100; 100; 1000; 100; 100; 100; 10000; 100; 1000; 100; 10; 100; 100,100,False,"{'100': 15, '10': 2, '1000': 2, '10000': 1}"
2327 - 2322 = ,5,10,False,10; 10; 10; 10; 10; 10; 10; 10; 10; 10; 10; 10; 10; 10; 10; 10; 10; 10; 10; 10,10,False,{'10': 20}
2331 / 777 = ,3,29,False,29; 29; 29; 29; 29; 29; 29; 3; 29; 29; 29; 29; 29; 29; 29; 3; 29; 29; 29; 29,29,False,"{'29': 18, '3': 2}"
2353 - 2345 = ,8,10,False,10; 10; 10; 10; 10; 10; 10; 10; 10; 10; 10; 10; 10; 10; 10; 10; 10; 10; 10; 10,10,False,{'10': 20}
2364 - 2356 = ,8,10,False,10; 10; 8; 10; 10; 10; 10; 8; 10; 10; 10; 8; 10; 8; 8; 10; 10; 10; 8; 10,10,False,"{'10': 14, '8': 6}"
2365 - 2356 = ,9,10,False,1; 10; 10; 1; 1; 1; 1; 1; 10; 10; 10; 10; 1; 10; 1; 10; 1; 1; 10; 10,1,False,"{'1': 10, '10': 10}"
2376 - 2367 = ,9,10,False,4; 6; 4; 0; 0; 10; 6; 4; 6; 4; 10; 0; 4; 0; 6; 10; 0; 10; 6; 4,4,False,"{'4': 6, '6': 5, '0': 5, '10': 4}"
2386 - 2378 = ,8,10,False,10; 4; 10; 4; 4; 4; 4; 10; 10; 10; 10; 10; 10; 4; 4; 4; 10; 4; 10; 10,10,False,"{'10': 11, '4': 9}"
2394 - 2389 = ,5,10,False,10; 10; 10; 10; 10; 10; 10; 10; 10; 10; 10; 10; 10; 10; 10; 10; 10; 10; 10; 10,10,False,{'10': 20}
2395 - 2389 = ,6,10,False,10; 10; 10; 10; 10; 10; 10; 10; 10; 10; 10; 10; 10; 10; 10; 10; 10; 10; 10; 10,10,False,{'10': 20}
2396 - 2389 = ,7,10,False,10; 10; 10; 10; 10; 10; 10; 10; 10; 10; 10; 10; 10; 10; 10; 10; 10; 10; 10; 10,10,False,{'10': 20}
2397 - 2389 = ,8,10,False,10; 10; 10; 10; 10; 10; 10; 10; 10; 10; 10; 10; 10; 10; 10; 10; 10; 10; 10; 10,10,False,{'10': 20}
2398 - 2389 = ,9,10,False,10; 10; 10; 10; 10; 10; 10; 10; 10; 10; 10; 10; 10; 10; 10; 10; 10; 10; 10; 10,10,False,{'10': 20}
2418 - 2411 = ,7,10,False,10; 10; 10; 10; 10; 10; 10; 10; 10; 10; 10; 10; 10; 10; 10; 10; 10; 10; 10; 10,10,False,{'10': 20}
2421 - 2412 = ,9,10,False,10; 9; 10; 10; 9; 10; 10; 10; 10; 10; 10; 10; 10; 9; 9; 10; 9; 10; 10; 10,10,False,"{'10': 15, '9': 5}"
2453 - 2445 = ,8,10,False,10; 10; 10; 10; 10; 10; 10; 10; 10; 10; 10; 10; 10; 10; 10; 10; 10; 10; 10; 10,10,False,{'10': 20}
2454 - 2445 = ,9,10,False,10; 10; 10; 10; 10; 10; 10; 10; 10; 10; 10; 10; 10; 10; 10; 10; 10; 10; 10; 10,10,False,{'10': 20}
2462 / 1231 = ,2,20,False,20; 20; 20; 20; 20; 20; 20; 20; 20; 20; 20; 20; 20; 20; 20; 20; 20; 20; 20; 20,20,False,{'20': 20}
2476 - 2467 = ,9,10,False,10; 10; 10; 1; 10; 10; 10; 1; 10; 10; 10; 1; 1; 10; 1; 10; 1; 10; 10; 10,10,False,"{'10': 14, '1': 6}"
2482 / 1241 = ,2,20,False,20; 20; 20; 20; 20; 2; 2; 20; 2; 2; 2; 20; 20; 20; 2; 2; 20; 2; 2; 20,20,False,"{'20': 11, '2': 9}"
2486 - 2478 = ,8,10,False,10; 10; 10; 10; 10; 10; 10; 10; 10; 10; 10; 10; 10; 10; 10; 10; 10; 10; 10; 10,10,False,{'10': 20}
2487 - 2478 = ,9,10,False,10; 10; 10; 10; 10; 10; 10; 10; 10; 10; 10; 10; 10; 10; 10; 10; 10; 10; 10; 10,10,False,{'10': 20}
2494 / 1247 = ,2,20,False,20; 20; 20; 20; 20; 20; 2; 20; 2; 20; 20; 20; 20; 20; 20; 2; 20; 20; 20; 2,20,False,"{'20': 16, '2': 4}"
2498 - 2489 = ,9,10,False,10; 10; 10; 10; 10; 10; 10; 10; 10; 10; 10; 10; 10; 10; 10; 10; 10; 10; 10; 10,10,False,{'10': 20}
2516 / 1258 = ,2,20,False,20; 20; 20; 20; 20; 20; 20; 20; 20; 20; 20; 20; 20; 20; 20; 20; 20; 20; 20; 20,20,False,{'20': 20}
2518 / 1259 = ,2,20,False,2; 2; 2; 20; 20; 20; 20; 2; 20; 2; 2; 2; 20; 20; 2; 20; 2; 2; 2; 2,2,True,"{'2': 12, '20': 8}"
2518 - 2511 = ,7,10,False,10; 10; 10; 10; 10; 10; 10; 10; 10; 10; 10; 10; 10; 10; 10; 10; 10; 10; 10; 10,10,False,{'10': 20}
2526 / 842 = ,3,30,False,3; 3; 30; 30; 30; 3; 30; 30; 30; 30; 30; 30; 30; 30; 30; 3; 30; 30; 30; 3,30,False,"{'3': 5, '30': 15}"
2534 / 1267 = ,2,20,False,20; 20; 2; 20; 20; 2; 20; 2; 20; 2; 20; 20; 20; 20; 20; 20; 2; 2; 2; 2,20,False,"{'20': 12, '2': 8}"
2544 / 424 = ,6,10,False,10; 10; 10; 10; 10; 10; 10; 10; 10; 10; 10; 10; 10; 10; 10; 10; 10; 10; 10; 10,10,False,{'10': 20}
2558 / 1279 = ,2,20,False,20; 2; 20; 2; 20; 20; 20; 20; 2; 20; 20; 20; 20; 20; 20; 20; 2; 20; 20; 2,20,False,"{'20': 15, '2': 5}"
2578 / 1289 = ,2,20,False,20; 20; 2; 20; 20; 20; 20; 2; 2; 2; 2; 2; 20; 20; 2; 20; 2; 20; 20; 20,20,False,"{'20': 12, '2': 8}"
2585 - 2576 = ,9,10,False,10; 10; 10; 10; 10; 10; 9; 9; 10; 10; 10; 10; 10; 9; 9; 10; 9; 10; 10; 10,10,False,"{'10': 15, '9': 5}"
2586 / 862 = ,3,30,False,30; 30; 30; 30; 3; 3; 3; 30; 3; 3; 30; 30; 3; 3; 30; 3; 30; 3; 30; 30,30,False,"{'30': 11, '3': 9}"
2586 - 2578 = ,8,10,False,10; 10; 10; 10; 10; 10; 10; 10; 10; 10; 10; 10; 10; 10; 10; 10; 10; 10; 10; 10,10,False,{'10': 20}
2592 - 2589 = ,3,10,False,10; 10; 10; 10; 10; 10; 10; 10; 10; 10; 10; 10; 10; 10; 10; 10; 10; 10; 10; 10,10,False,{'10': 20}
2598 - 2589 = ,9,10,False,10; 10; 10; 10; 10; 10; 10; 10; 10; 10; 10; 10; 10; 10; 10; 10; 10; 10; 10; 10,10,False,{'10': 20}
2618 - 2611 = ,7,10,False,1; 1; 1; 10; 10; 10; 10; 10; 1; 10; 10; 10; 1; 10; 1; 10; 10; 1; 10; 1,10,False,"{'1': 8, '10': 12}"
2621 - 2612 = ,9,10,False,10; 10; 10; 10; 10; 10; 10; 10; 10; 10; 10; 10; 10; 10; 10; 10; 10; 10; 10; 10,10,False,{'10': 20}
2625 - 2622 = ,3,10,False,10; 10; 10; 10; 10; 10; 10; 10; 10; 10; 10; 10; 10; 10; 10; 10; 10; 10; 10; 10,10,False,{'10': 20}
2629 - 2622 = ,7,10,False,10; 10; 10; 10; 10; 10; 10; 10; 10; 10; 10; 10; 10; 10; 10; 10; 10; 10; 10; 10,10,False,{'10': 20}
2653 - 2645 = ,8,10,False,10; 10; 10; 10; 10; 10; 10; 10; 10; 10; 10; 10; 10; 10; 10; 10; 10; 10; 10; 10,10,False,{'10': 20}
2654 - 2645 = ,9,10,False,10; 10; 10; 10; 10; 10; 10; 10; 10; 10; 10; 10; 10; 10; 10; 10; 10; 10; 10; 10,10,False,{'10': 20}
2684 - 2678 = ,6,10,False,10; 10; 10; 10; 10; 10; 10; 10; 10; 10; 10; 10; 10; 10; 10; 10; 10; 10; 10; 10,10,False,{'10': 20}
2686 - 2678 = ,8,10,False,10; 8; 10; 10; 8; 10; 8; 10; 10; 10; 8; 8; 8; 10; 10; 10; 10; 8; 10; 10,10,False,"{'10': 13, '8': 7}"
2698 - 2689 = ,9,10,False,10; 10; 10; 10; 10; 10; 10; 10; 10; 10; 10; 10; 10; 10; 10; 10; 10; 10; 10; 10,10,False,{'10': 20}
2714 - 2711 = ,3,10,False,10; 10; 10; 10; 10; 10; 10; 10; 10; 10; 10; 10; 10; 10; 10; 10; 10; 10; 10; 10,10,False,{'10': 20}
2718 - 2711 = ,7,10,False,10; 10; 10; 10; 10; 10; 10; 10; 10; 10; 10; 10; 10; 10; 10; 10; 10; 10; 10; 10,10,False,{'10': 20}
2721 - 2712 = ,9,10,False,10; 10; 10; 9; 10; 10; 10; 10; 10; 9; 10; 10; 9; 10; 10; 10; 10; 10; 9; 9,10,False,"{'10': 15, '9': 5}"
2732 / 1366 = ,2,20,False,2; 20; 20; 2; 2; 20; 20; 20; 2; 2; 20; 20; 20; 2; 20; 2; 20; 20; 20; 20,20,False,"{'2': 7, '20': 13}"
2742 - 2734 = ,8,10,False,10; 10; 10; 10; 10; 10; 10; 10; 10; 10; 10; 10; 10; 10; 10; 10; 10; 10; 10; 10,10,False,{'10': 20}
2754 - 2745 = ,9,10,False,10; 10; 10; 10; 10; 10; 10; 10; 10; 10; 10; 10; 10; 10; 10; 10; 10; 10; 10; 10,10,False,{'10': 20}
2764 - 2756 = ,8,10,False,10; 10; 10; 10; 10; 10; 10; 10; 10; 10; 10; 10; 10; 10; 10; 10; 10; 10; 10; 10,10,False,{'10': 20}
2765 - 2756 = ,9,10,False,1; 1; 10; 10; 10; 10; 10; 10; 1; 10; 1; 10; 10; 10; 1; 1; 10; 1; 1; 10,10,False,"{'1': 8, '10': 12}"
2772 / 2772 = ,1,10000,False,10000; 10000; 1; 10000; 1000; 1; 1; 10000; 1000; 1; 1; 10000; 1; 1000; 1; 1000; 1000; 1000; 10000; 10000,10000,False,"{'10000': 7, '1': 7, '1000': 6}"
2782 / 1391 = ,2,20,False,20; 20; 2; 20; 20; 20; 20; 20; 20; 20; 20; 20; 20; 20; 20; 20; 2; 20; 20; 2,20,False,"{'20': 17, '2': 3}"
2798 - 2789 = ,9,10,False,10; 1; 10; 10; 1; 1; 10; 1; 1; 1; 1; 10; 10; 10; 1; 1; 10; 1; 1; 1,1,False,"{'10': 8, '1': 12}"
2812 - 2811 = ,1,10,False,10; 10; 10; 10; 10; 10; 10; 10; 10; 10; 10; 10; 10; 10; 10; 10; 10; 10; 10; 10,10,False,{'10': 20}
2814 - 2811 = ,3,10,False,10; 10; 10; 10; 10; 10; 10; 10; 10; 10; 10; 10; 10; 10; 10; 10; 10; 10; 10; 10,10,False,{'10': 20}
2816 - 2811 = ,5,10,False,10; 10; 10; 10; 10; 10; 10; 10; 10; 10; 10; 10; 10; 10; 10; 10; 10; 10; 10; 10,10,False,{'10': 20}
2817 - 2811 = ,6,10,False,10; 10; 10; 10; 10; 10; 10; 10; 10; 10; 10; 10; 10; 10; 10; 10; 10; 10; 10; 10,10,False,{'10': 20}
2818 - 2811 = ,7,10,False,10; 10; 10; 10; 10; 10; 10; 10; 10; 10; 10; 10; 10; 10; 10; 10; 10; 10; 10; 10,10,False,{'10': 20}
2827 - 2822 = ,5,10,False,10; 10; 10; 10; 10; 10; 10; 10; 10; 10; 10; 10; 10; 10; 10; 10; 10; 10; 10; 10,10,False,{'10': 20}
2828 - 2822 = ,6,10,False,10; 10; 10; 10; 10; 10; 10; 10; 10; 10; 10; 10; 10; 10; 10; 10; 10; 10; 10; 10,10,False,{'10': 20}
2842 - 2834 = ,8,10,False,10; 10; 10; 10; 10; 10; 10; 10; 10; 10; 10; 10; 10; 10; 10; 10; 10; 10; 10; 10,10,False,{'10': 20}
2843 - 2834 = ,9,10,False,10; 10; 10; 10; 10; 10; 10; 10; 10; 10; 10; 10; 10; 10; 10; 10; 10; 10; 10; 10,10,False,{'10': 20}
2847 - 2838 = ,9,19,False,19; 19; 19; 19; 19; 19; 19; 19; 19; 19; 19; 19; 19; 19; 19; 19; 19; 19; 19; 19,19,False,{'19': 20}
2853 - 2845 = ,8,10,False,10; 10; 10; 10; 10; 10; 10; 10; 10; 10; 10; 10; 10; 10; 10; 10; 10; 10; 10; 10,10,False,{'10': 20}
2854 - 2845 = ,9,10,False,10; 10; 10; 10; 10; 10; 10; 10; 10; 10; 10; 10; 10; 10; 10; 10; 10; 10; 10; 10,10,False,{'10': 20}
2858 - 2849 = ,9,10,False,10; 10; 10; 10; 19; 10; 10; 19; 10; 10; 10; 10; 10; 19; 10; 10; 10; 10; 10; 10,10,False,"{'10': 17, '19': 3}"
2865 - 2856 = ,9,10,False,10; 10; 10; 9; 9; 9; 9; 9; 10; 10; 10; 10; 10; 9; 10; 9; 10; 9; 10; 9,10,False,"{'10': 11, '9': 9}"
2874 - 2867 = ,7,10,False,10; 10; 1; 10; 10; 10; 10; 1; 10; 6; 10; 10; 6; 6; 1; 10; 10; 10; 6; 10,10,False,"{'10': 13, '1': 3, '6': 4}"
2876 - 2867 = ,9,10,False,10; 10; 10; 10; 10; 10; 10; 10; 10; 10; 10; 10; 10; 10; 10; 10; 10; 10; 10; 10,10,False,{'10': 20}
2886 - 2878 = ,8,10,False,10; 10; 10; 10; 10; 10; 10; 10; 10; 10; 10; 10; 10; 10; 10; 10; 10; 10; 10; 10,10,False,{'10': 20}
2914 - 2911 = ,3,10,False,3; 10; 10; 2; 2; 10; 3; 10; 10; 10; 3; 10; 2; 10; 10; 2; 2; 3; 3; 3,10,False,"{'3': 6, '10': 9, '2': 5}"
2985 - 2978 = ,7,10,False,10; 10; 10; 10; 10; 10; 10; 10; 10; 10; 10; 10; 10; 10; 10; 10; 10; 10; 10; 10,10,False,{'10': 20}
2995 / 599 = ,5,49,False,49; 50; 50; 50; 50; 49; 50; 49; 49; 50; 50; 49; 49; 50; 50; 49; 49; 49; 50; 49,49,False,"{'49': 10, '50': 10}"
2997 / 333 = ,9,89,False,8; 89; 8; 89; 8; 8; 8; 8; 89; 8; 89; 8; 8; 8; 89; 89; 89; 89; 8; 8,8,False,"{'8': 12, '89': 8}"
2997 / 999 = ,3,30,False,30; 30; 3; 30; 30; 3; 30; 30; 30; 3; 30; 30; 30; 3; 30; 3; 30; 3; 30; 30,30,False,"{'30': 14, '3': 6}"
2997 - 2989 = ,8,10,False,10; 10; 10; 10; 10; 10; 10; 10; 10; 10; 10; 10; 10; 10; 10; 10; 10; 10; 10; 10,10,False,{'10': 20}
2998 - 2989 = ,9,10,False,10; 10; 10; 10; 10; 10; 10; 10; 10; 10; 10; 10; 10; 10; 10; 10; 10; 10; 10; 10,10,False,{'10': 20}
3014 - 3011 = ,3,10,False,10; 10; 10; 10; 10; 10; 10; 10; 10; 10; 10; 10; 10; 10; 10; 10; 10; 10; 10; 10,10,False,{'10': 20}
3018 / 1006 = ,3,29,False,2; 2; 2; 2; 2; 2; 29; 2; 29; 29; 2; 29; 2; 29; 2; 29; 2; 2; 2; 29,2,False,"{'2': 13, '29': 7}"
3018 - 3011 = ,7,10,False,10; 10; 10; 10; 10; 10; 10; 10; 10; 10; 10; 10; 10; 10; 10; 10; 10; 10; 10; 10,10,False,{'10': 20}
3033 / 1011 = ,3,29,False,2; 29; 2; 2; 29; 29; 29; 29; 29; 29; 2; 2; 2; 2; 29; 2; 29; 2; 2; 2,2,False,"{'2': 11, '29': 9}"
3042 - 3034 = ,8,10,False,10; 10; 10; 10; 10; 10; 10; 10; 10; 10; 10; 10; 10; 10; 10; 10; 10; 10; 10; 10,10,False,{'10': 20}
3052 - 3045 = ,7,10,False,10; 10; 10; 10; 10; 10; 10; 10; 10; 10; 10; 10; 10; 10; 10; 10; 10; 10; 10; 10,10,False,{'10': 20}
3054 - 3045 = ,9,10,False,10; 10; 10; 10; 10; 10; 10; 10; 10; 10; 10; 10; 10; 10; 10; 10; 10; 10; 10; 10,10,False,{'10': 20}
3066 / 1022 = ,3,15,False,15; 1; 1; 15; 1; 1; 15; 1; 15; 1; 15; 15; 1; 15; 15; 1; 15; 1; 15; 15,15,False,"{'15': 11, '1': 9}"
3072 - 3065 = ,7,12,False,11; 11; 14; 10; 11; 14; 11; 14; 12; 12; 12; 14; 10; 11; 12; 12; 14; 11; 10; 11,11,False,"{'11': 7, '14': 5, '10': 3, '12': 5}"
3072 - 3067 = ,5,10,False,10; 10; 10; 10; 10; 10; 10; 10; 10; 10; 10; 10; 10; 10; 10; 10; 10; 10; 10; 10,10,False,{'10': 20}
3085 - 3076 = ,9,12,False,11; 10; 1; 9; 10; 10; 12; 9; 10; 1; 10; 9; 11; 10; 11; 12; 10; 9; 9; 12,10,False,"{'11': 3, '10': 7, '1': 2, '9': 5, '12': 3}"
3093 / 1031 = ,3,29,False,29; 2; 29; 2; 29; 29; 29; 29; 2; 2; 29; 29; 2; 29; 29; 2; 2; 29; 2; 2,29,False,"{'29': 11, '2': 9}"
3098 - 3089 = ,9,10,False,1; 10; 10; 10; 10; 10; 10; 1; 10; 10; 10; 10; 10; 1; 1; 10; 10; 10; 1; 10,10,False,"{'1': 5, '10': 15}"
3131 / 3131 = ,1,100,False,100; 100; 100; 1; 100; 100; 100; 999; 100; 100; 10000; 100; 100; 999; 999; 100; 1; 1; 100; 1,100,False,"{'100': 12, '1': 4, '999': 3, '10000': 1}"
3132 / 3132 = ,1,104.9999,False,1009; 1006; 999; 104.9999; 999; 104.9999; 104.9999; 1008; 104.9999; 999; 999; 999; 999; 999; 999; 1006; 999; 999; 999; 104.9999,999,False,"{'1009': 1, '1006': 2, '999': 11, '104.9999': 5, '1008': 1}"
3155 / 3155 = ,1,10,False,10; 10; 10; 1; 10; 1; 10; 10; 1; 10; 10; 10; 10; 1; 10; 10; 10; 10; 1; 1,10,False,"{'10': 14, '1': 6}"
3195 / 3195 = ,1,1000,False,1; 1; 1000; 1000; 1002; 1; 1; 1008; 1; 1; 1003; 1; 1003; 1002; 1002; 1002; 1001; 1018; 1; 1,1,True,"{'1': 9, '1000': 2, '1002': 4, '1008': 1, '1003': 2, '1001': 1, '1018': 1}"
3198 - 3189 = ,9,10,False,10; 10; 10; 9; 10; 10; 10; 9; 10; 10; 10; 10; 9; 10; 10; 10; 9; 10; 9; 9,10,False,"{'10': 14, '9': 6}"
3212 / 803 = ,4,39,False,3; 39; 39; 39; 39; 39; 39; 3; 39; 39; 3; 3; 3; 3; 39; 3; 3; 3; 3; 39,3,False,"{'3': 10, '39': 10}"
3214 - 3211 = ,3,10,False,10; 10; 10; 10; 10; 10; 10; 10; 10; 10; 10; 10; 10; 10; 10; 10; 10; 10; 10; 10,10,False,{'10': 20}
3216 - 3211 = ,5,10,False,10; 10; 10; 10; 10; 10; 10; 10; 10; 10; 10; 10; 10; 10; 10; 10; 10; 10; 10; 10,10,False,{'10': 20}
3218 - 3211 = ,7,10,False,10; 10; 10; 10; 10; 10; 10; 10; 10; 10; 10; 10; 10; 10; 10; 10; 10; 10; 10; 10,10,False,{'10': 20}
3221 - 3212 = ,9,-91,False,-91; -91; -91; -91; -91; -91; -91; -91; -91; -91; -91; -91; -91; -91; -91; -91; -91; -91; -91; -91,-91,False,{'-91': 20}
3232 / 808 = ,4,40,False,39; 40; 4; 40; 39; 3; 40; 40; 40; 40; 39; 4; 40; 4; 4; 40; 39; 3; 40; 40,40,False,"{'39': 4, '40': 10, '4': 4, '3': 2}"
3242 - 3234 = ,8,10,False,10; 10; 10; 10; 10; 10; 10; 10; 10; 10; 10; 10; 10; 10; 10; 10; 10; 10; 10; 10,10,False,{'10': 20}
3252 - 3245 = ,7,10,False,10; 10; 10; 10; 10; 10; 10; 10; 10; 10; 10; 10; 10; 10; 10; 10; 10; 10; 10; 10,10,False,{'10': 20}
3254 - 3245 = ,9,10,False,10; 10; 10; 10; 10; 10; 10; 10; 10; 10; 10; 10; 10; 10; 10; 10; 10; 10; 10; 10,10,False,{'10': 20}
3276 - 3267 = ,9,10,False,6; 6; 10; 6; 10; 10; 10; 6; 10; 6; 10; 6; 10; 10; 10; 10; 6; 10; 10; 6,10,False,"{'6': 8, '10': 12}"
3286 - 3278 = ,8,10,False,10; 10; 10; 10; 10; 10; 10; 10; 10; 10; 10; 10; 10; 10; 10; 10; 10; 10; 10; 10,10,False,{'10': 20}
3298 - 3289 = ,9,10,False,10; 10; 10; 10; 10; 10; 10; 10; 10; 10; 10; 10; 10; 10; 10; 10; 10; 10; 10; 10,10,False,{'10': 20}
3316 - 3311 = ,5,10,False,10; 10; 10; 10; 10; 10; 10; 10; 10; 10; 10; 10; 10; 10; 10; 10; 10; 10; 10; 10,10,False,{'10': 20}
3318 - 3311 = ,7,10,False,10; 10; 10; 10; 10; 10; 10; 10; 10; 10; 10; 10; 10; 10; 10; 10; 10; 10; 10; 10,10,False,{'10': 20}
3328 / 832 = ,4,40,False,40; 40; 40; 40; 40; 40; 40; 40; 40; 40; 40; 40; 40; 40; 40; 40; 40; 40; 40; 40,40,False,{'40': 20}
3330 / 3330 = ,1,100,False,10; 100; 100; 100; 10; 10; 100; 100; 100; 10; 10; 100; 10; 100; 10; 10; 100; 100; 100; 100,100,False,"{'10': 8, '100': 12}"
3332 / 833 = ,4,40,False,40; 40; 40; 40; 4; 4; 40; 4; 40; 40; 40; 40; 4; 40; 40; 40; 40; 40; 40; 40,40,False,"{'40': 16, '4': 4}"
3332 - 3323 = ,9,10,False,10; 10; 10; 10; 10; 10; -11; 10; 10; -11; -11; -11; 10; 10; 10; 10; 10; -11; 10; -11,10,False,"{'10': 14, '-11': 6}"
3332 - 3324 = ,8,-12,False,9; 9; -12; 9; -12; 9; 9; 9; -12; -12; -12; -12; -12; 9; -12; -12; -12; 9; -12; -12,-12,False,"{'9': 8, '-12': 12}"
3336 / 834 = ,4,40,False,40; 40; 40; 40; 40; 40; 42; 40; 40; 40; 40; 40; 40; 40; 40; 40; 40; 40; 40; 40,40,False,"{'40': 19, '42': 1}"
3340 / 835 = ,4,40,False,40; 40; 40; 40; 40; 40; 40; 40; 40; 40; 40; 40; 40; 40; 40; 40; 40; 40; 40; 40,40,False,{'40': 20}
3352 / 838 = ,4,40,False,40; 40; 4; 40; 40; 40; 4; 40; 40; 40; 40; 40; 40; 40; 40; 40; 4; 40; 4; 40,40,False,"{'40': 16, '4': 4}"
3354 - 3345 = ,9,10,False,10; 10; 10; 10; 10; 10; 10; 10; 10; 10; 10; 10; 10; 10; 10; 10; 10; 10; 10; 10,10,False,{'10': 20}
3364 / 841 = ,4,40,False,40; 39; 39; 40; 40; 39; 40; 40; 40; 39; 39; 40; 40; 39; 40; 39; 40; 39; 39; 39,40,False,"{'40': 10, '39': 10}"
3376 / 844 = ,4,40,False,40; 40; 40; 4; 40; 40; 4; 4; 4; 40; 40; 40; 40; 4; 40; 4; 40; 40; 40; 40,40,False,"{'40': 14, '4': 6}"
3384 / 846 = ,4,40,False,40; 40; 40; 40; 40; 40; 40; 40; 40; 40; 40; 40; 40; 40; 40; 40; 40; 40; 40; 40,40,False,{'40': 20}
3386 - 3378 = ,8,10,False,10; 10; 1; 1; 10; 10; 10; 1; 10; 10; 10; 10; 10; 1; 10; 10; 10; 10; 1; 10,10,False,"{'10': 15, '1': 5}"
3407 - 3400 = ,7,10,False,7; 10; 10; 7; 7; 1; 10; 7; 10; 10; 1; 10; 10; 10; 10; 10; 1; 10; 10; 7,10,False,"{'7': 5, '10': 12, '1': 3}"
3408 - 3400 = ,8,10,False,1; 1; 8; 8; 8; 10; 10; 1; 10; 8; 10; 1; 1; 10; 8; 1; 8; 10; 10; 8,8,True,"{'1': 6, '8': 7, '10': 7}"
3416 - 3411 = ,5,10,False,10; 10; 10; 10; 10; 10; 10; 10; 10; 10; 10; 10; 10; 10; 10; 10; 10; 10; 10; 10,10,False,{'10': 20}
3417 - 3411 = ,6,10,False,10; 10; 10; 10; 10; 10; 10; 1; 10; 10; 10; 10; 10; 10; 10; 10; 10; 1; 10; 10,10,False,"{'10': 18, '1': 2}"
3418 - 3411 = ,7,10,False,10; 10; 10; 10; 10; 10; 10; 10; 10; 10; 10; 10; 10; 10; 10; 10; 10; 10; 10; 10,10,False,{'10': 20}
3424 / 856 = ,4,40,False,4; 40; 40; 40; 40; 40; 4; 4; 40; 4; 40; 40; 40; 4; 40; 4; 4; 4; 4; 4,4,True,"{'4': 10, '40': 10}"
3432 - 3423 = ,9,10,False,10; 10; 10; 10; 10; 10; 10; 10; 10; 10; 10; 10; 10; 10; 10; 10; 10; 10; 10; 10,10,False,{'10': 20}
3454 - 3445 = ,9,10,False,10; 10; 10; 10; 10; 10; 10; 10; 10; 10; 10; 10; 10; 10; 10; 10; 10; 10; 10; 10,10,False,{'10': 20}
3486 - 3478 = ,8,10,False,10; 10; 10; 10; 10; 10; 10; 10; 10; 10; 10; 10; 10; 10; 10; 10; 10; 10; 10; 10,10,False,{'10': 20}
3498 - 3489 = ,9,10,False,10; 10; 10; 10; 10; 10; 10; 10; 10; 10; 10; 10; 10; 10; 10; 10; 10; 10; 10; 10,10,False,{'10': 20}
3516 - 3511 = ,5,10,False,10; 10; 10; 10; 10; 10; 10; 10; 10; 10; 10; 10; 10; 10; 10; 10; 10; 10; 10; 10,10,False,{'10': 20}
3518 - 3511 = ,7,10,False,10; 10; 10; 10; 10; 10; 10; 10; 10; 10; 10; 10; 10; 10; 10; 10; 10; 10; 10; 10,10,False,{'10': 20}
3519 - 3511 = ,8,10,False,8; 10; 10; 8; 10; 10; 10; 10; 8; 10; 8; 10; 8; 10; 8; 10; 10; 10; 8; 8,10,False,"{'8': 8, '10': 12}"
3532 - 3523 = ,9,10,False,10; 10; 10; 10; 10; 10; 10; 10; 10; 10; 10; 10; 10; 10; 10; 10; 10; 10; 10; 10,10,False,{'10': 20}
3552 / 888 = ,4,40,False,40; 40; 40; 40; 4; 40; 4; 4; 4; 4; 40; 40; 40; 40; 4; 40; 40; 4; 4; 40,40,False,"{'40': 12, '4': 8}"
3554 - 3545 = ,9,10,False,10; 10; 10; 10; 10; 10; 10; 10; 10; 10; 10; 10; 10; 10; 10; 10; 10; 10; 10; 10,10,False,{'10': 20}
3565 / 713 = ,5,49,False,49; 4; 49; 49; 49; 49; 4; 4; 4; 4; 49; 4; 49; 49; 49; 49; 4; 4; 4; 4,49,False,"{'49': 10, '4': 10}"
3616 - 3611 = ,5,10,False,10; 10; 10; 10; 10; 10; 10; 10; 10; 10; 10; 10; 10; 10; 10; 10; 10; 10; 10; 10,10,False,{'10': 20}
3618 - 3611 = ,7,10,False,10; 10; 10; 10; 10; 10; 10; 10; 10; 10; 10; 10; 10; 10; 10; 10; 10; 10; 10; 10,10,False,{'10': 20}
3621 - 3612 = ,9,10,False,10; 10; 9; 10; 10; 9; 9; 10; 10; 10; 10; 9; 9; 10; 10; 10; 10; 10; 10; 9,10,False,"{'10': 14, '9': 6}"
3625 - 3622 = ,3,10,False,10; 10; 10; 10; 10; 10; 10; 10; 10; 10; 10; 10; 10; 10; 10; 10; 10; 10; 10; 10,10,False,{'10': 20}
3627 - 3622 = ,5,10,False,10; 10; 10; 10; 10; 10; 10; 10; 10; 10; 10; 10; 10; 10; 10; 10; 10; 10; 10; 10,10,False,{'10': 20}
3629 - 3622 = ,7,10,False,10; 10; 10; 10; 10; 10; 10; 10; 10; 10; 10; 10; 10; 10; 10; 10; 10; 10; 10; 10,10,False,{'10': 20}
3652 - 3645 = ,7,10,False,10; 10; 1; 10; 10; 10; 10; 10; 10; 10; 10; 10; 1; 10; 1; 10; 10; 10; 10; 10,10,False,"{'10': 17, '1': 3}"
3654 - 3645 = ,9,10,False,10; 10; 10; 10; 10; 10; 10; 10; 10; 10; 10; 10; 10; 10; 10; 10; 10; 10; 10; 10,10,False,{'10': 20}
3686 - 3678 = ,8,10,False,10; 10; 10; 10; 10; 10; 10; 10; 10; 10; 10; 10; 10; 10; 10; 10; 10; 10; 10; 10,10,False,{'10': 20}
3698 - 3689 = ,9,10,False,10; 10; 1; 1; 1; 10; 1; 10; 10; 10; 1; 10; 1; 10; 10; 10; 1; 10; 10; 1,10,False,"{'10': 12, '1': 8}"
3706 - 3700 = ,6,10,False,10; 10; 10; 10; 10; 10; 10; 10; 10; 10; 10; 10; 10; 10; 10; 10; 10; 10; 10; 10,10,False,{'10': 20}
3708 - 3700 = ,8,10,False,10; 10; 10; 10; 10; 10; 10; 10; 10; 10; 10; 10; 10; 10; 10; 10; 10; 10; 10; 10,10,False,{'10': 20}
3710 - 3701 = ,9,10,False,10; 10; 10; 10; 10; 10; 10; 10; 10; 10; 10; 10; 10; 10; 10; 10; 10; 10; 10; 10,10,False,{'10': 20}
3716 - 3711 = ,5,10,False,10; 10; 10; 10; 10; 10; 10; 10; 10; 10; 10; 10; 10; 10; 10; 10; 10; 10; 10; 10,10,False,{'10': 20}
3718 - 3711 = ,7,10,False,10; 10; 10; 10; 10; 10; 10; 10; 10; 10; 10; 10; 10; 10; 10; 10; 10; 10; 10; 10,10,False,{'10': 20}
3732 - 3723 = ,9,10,False,10; 10; 10; 10; 10; 10; 10; 10; 10; 10; 10; 10; 10; 10; 10; 10; 10; 10; 10; 10,10,False,{'10': 20}
3737 / 3737 = ,1,10,False,10; 10; 1; 1; 10; 1; 10; 10; 1; 1; 1; 1; 1; 1; 1; 1; 10; 1; 10; 10,1,True,"{'10': 8, '1': 12}"
3742 - 3734 = ,8,10,False,10; 10; 10; 10; 10; 10; 10; 10; 10; 10; 10; 10; 10; 10; 10; 10; 10; 10; 10; 10,10,False,{'10': 20}
3743 - 3734 = ,9,10,False,10; 10; 10; 10; 10; 10; 10; 10; 10; 10; 10; 10; 10; 10; 10; 10; 10; 10; 10; 10,10,False,{'10': 20}
3770 - 3767 = ,3,10,False,10; 10; 10; 10; 10; 10; 10; 10; 10; 10; 10; 10; 10; 10; 10; 10; 10; 10; 10; 10,10,False,{'10': 20}
3786 - 3778 = ,8,10,False,10; 10; 10; 10; 10; 10; 10; 10; 10; 10; 10; 10; 10; 10; 10; 10; 10; 10; 10; 10,10,False,{'10': 20}
3798 - 3789 = ,9,10,False,1; 10; 1; 1; 10; 10; 10; 1; 10; 1; 1; 10; 10; 10; 1; 10; 1; 10; 10; 1,10,False,"{'1': 9, '10': 11}"
3806 - 3800 = ,6,10,False,6; 6; 6; 6; 1; 6; 10; 10; 6; 1; 10; 10; 1; 6; 6; 1; 1; 6; 10; 6,6,True,"{'6': 10, '1': 5, '10': 5}"
3816 - 3811 = ,5,10,False,10; 10; 10; 10; 10; 10; 10; 10; 10; 10; 10; 10; 10; 10; 10; 10; 10; 10; 10; 10,10,False,{'10': 20}
3818 - 3811 = ,7,10,False,10; 10; 10; 10; 10; 10; 10; 10; 10; 10; 10; 10; 10; 10; 10; 10; 10; 10; 10; 10,10,False,{'10': 20}
3847 - 3838 = ,9,10,False,10; 10; 10; 10; 12; 12; 19; 10; 19; 19; 10; 12; 15; 12; 12; 12; 19; 19; 15; 15,10,False,"{'10': 6, '12': 6, '19': 5, '15': 3}"
3852 - 3845 = ,7,10,False,10; 10; 10; 10; 10; 10; 10; 10; 10; 10; 10; 10; 10; 10; 10; 10; 10; 10; 10; 10,10,False,{'10': 20}
3854 - 3845 = ,9,10,False,10; 10; 10; 10; 10; 10; 10; 10; 10; 10; 10; 10; 10; 10; 10; 10; 10; 10; 10; 10,10,False,{'10': 20}
3874 - 3865 = ,9,29,False,29; 29; 29; 29; 29; 29; 29; 29; 29; 29; 29; 29; 29; 29; 29; 29; 29; 29; 29; 29,29,False,{'29': 20}
3885 / 777 = ,5,50,False,50; 50; 50; 50; 50; 50; 50; 50; 50; 50; 50; 50; 50; 50; 50; 50; 50; 50; 50; 50,50,False,{'50': 20}
3910 - 3901 = ,9,10,False,10; 10; 10; 10; 10; 10; 10; 10; 10; 10; 10; 10; 10; 10; 10; 10; 10; 10; 10; 10,10,False,{'10': 20}
3916 - 3911 = ,5,10,False,10; 10; 10; 10; 10; 10; 10; 10; 10; 10; 10; 10; 10; 10; 10; 10; 10; 10; 10; 10,10,False,{'10': 20}
3918 - 3911 = ,7,10,False,10; 10; 10; 10; 10; 10; 10; 10; 10; 10; 10; 10; 10; 10; 10; 10; 10; 10; 10; 10,10,False,{'10': 20}
3932 - 3923 = ,9,10,False,10; 10; 10; 10; 10; 10; 10; 10; 10; 10; 10; 10; 10; 10; 10; 10; 10; 10; 10; 10,10,False,{'10': 20}
3936 - 3933 = ,3,10,False,10; 10; 10; 10; 10; 10; 10; 10; 10; 10; 10; 10; 10; 10; 10; 10; 10; 10; 10; 10,10,False,{'10': 20}
3954 - 3945 = ,9,10,False,10; 10; 10; 10; 10; 10; 10; 10; 10; 10; 10; 10; 10; 10; 10; 10; 10; 10; 10; 10,10,False,{'10': 20}
3976 - 3967 = ,9,10,False,10; 1; 1; 1; 10; 10; 1; 10; 10; 10; 10; 10; 1; 1; 1; 10; 10; 1; 1; 1,10,False,"{'10': 10, '1': 10}"
3988 / 997 = ,4,40,False,4; 40; 4; 40; 40; 40; 4; 40; 40; 4; 4; 40; 4; 40; 40; 4; 40; 4; 40; 40,40,False,"{'4': 8, '40': 12}"
3991 - 3989 = ,2,10,False,10; 10; 10; 10; 10; 10; 10; 10; 10; 10; 10; 10; 10; 10; 10; 10; 10; 10; 10; 10,10,False,{'10': 20}
3995 / 799 = ,5,50,False,50; 50; 50; 50; 50; 50; 50; 50; 50; 50; 50; 50; 50; 50; 50; 50; 50; 50; 50; 50,50,False,{'50': 20}
3998 - 3989 = ,9,10,False,10; 10; 10; 10; 10; 10; 10; 10; 10; 10; 10; 10; 10; 10; 10; 10; 10; 10; 10; 10,10,False,{'10': 20}
4010 - 4001 = ,9,10,False,10; 10; 10; 10; 10; 10; 10; 10; 10; 10; 10; 10; 10; 10; 10; 10; 10; 10; 10; 10,10,False,{'10': 20}
4025 - 4022 = ,3,10,False,10; 10; 10; 10; 10; 10; 10; 10; 10; 10; 10; 10; 10; 10; 10; 10; 10; 10; 10; 10,10,False,{'10': 20}
4026 - 4022 = ,4,10,False,10; 10; 10; 10; 10; 10; 10; 10; 10; 10; 10; 10; 10; 10; 10; 10; 10; 10; 10; 10,10,False,{'10': 20}
4028 - 4022 = ,6,10,False,10; 10; 10; 10; 10; 10; 10; 10; 10; 10; 10; 10; 10; 10; 10; 10; 10; 10; 10; 10,10,False,{'10': 20}
4036 - 4033 = ,3,10,False,10; 10; 10; 10; 10; 10; 10; 10; 10; 10; 10; 10; 10; 10; 10; 10; 10; 10; 10; 10,10,False,{'10': 20}
4038 - 4033 = ,5,10,False,10; 10; 10; 10; 10; 10; 10; 10; 10; 10; 10; 10; 10; 10; 10; 10; 10; 10; 10; 10,10,False,{'10': 20}
4053 - 4045 = ,8,10,False,10; 10; 10; 10; 10; 10; 10; 10; 10; 10; 10; 10; 10; 10; 10; 10; 10; 10; 10; 10,10,False,{'10': 20}
4065 - 4056 = ,9,10,False,10; 10; 10; 10; 10; 10; 10; 10; 10; 10; 10; 10; 10; 10; 10; 10; 10; 10; 10; 10,10,False,{'10': 20}
4066 / 2033 = ,2,1.98,False,1.97; 1; 2; 1; 1.99; 1.98; 1.98; 1.975; 1; 1.99; 1.98; 1.97; 1.97; 2; 1.98; 2; 1; 1; 2; 1.975,1,False,"{'1.97': 3, '1': 5, '2': 4, '1.99': 2, '1.98': 4, '1.975': 2}"
4074 - 4065 = ,9,29,False,29; 29; 29; 29; 29; 29; 29; 29; 29; 29; 29; 29; 29; 29; 29; 29; 29; 29; 29; 29,29,False,{'29': 20}
4096 - 4087 = ,9,13,False,12; 13; 15; 13; 12; 13; 12; 13; 13; 13; 12; 13; 13; 13; 15; 13; 13; 12; 13; 13,13,False,"{'12': 5, '13': 13, '15': 2}"
4104 / 4104 = ,1,1023,False,1; 1023; 1023; 1023; 1; 1; 1023; 1023; 1023; 1; 1023; 1023; 1023; 1023; 1023; 1023; 1023; 1023; 1023; 1023,1023,False,"{'1': 4, '1023': 16}"
4114 / 4114 = ,1,1023,False,1023; 1023; 1023; 1023; 1023; 1023; 1023; 1023; 1023; 1023; 1023; 1023; 1023; 1023; 1023; 1023; 1023; 1023; 1023; 1023,1023,False,{'1023': 20}
4115 / 4115 = ,1,102.96,False,102.976; 1025; 1; 1; 10329; 1; 1023; 10325; 1; 102.9375; 1; 1; 1; 1025; 1025; 1; 1; 1; 102.976; 1029.786,1,True,"{'102.976': 2, '1025': 3, '1': 10, '10329': 1, '1023': 1, '10325': 1, '102.9375': 1, '1029.786': 1}"
4116 - 4111 = ,5,10,False,10; 10; 10; 10; 10; 10; 10; 5; 10; 10; 5; 10; 10; 10; 10; 10; 10; 10; 10; 10,10,False,"{'10': 18, '5': 2}"
4117 / 4117 = ,1,1025,False,102569; 1; 1; 1; 1025; 10253; 1035.26; 1025; 1025; 1; 1; 1; 1025; 1; 1; 1025; 1; 1025; 1025; 1025,1,True,"{'102569': 1, '1': 9, '1025': 8, '10253': 1, '1035.26': 1}"
4118 - 4111 = ,7,10,False,10; 6; 10; 6; 10; 10; 10; 10; 10; 10; 6; 10; 10; 6; 10; 10; 6; 10; 10; 10,10,False,"{'10': 15, '6': 5}"
4118 / 4118 = ,1,1029,False,1029.75; 1024; 1; 1; 1023; 1; 1029; 102963; 1; 1029.5; 10249; 1023; 1; 1; 1; 1029.5; 1029; 1; 10296173; 1,1,True,"{'1029.75': 1, '1024': 1, '1': 9, '1023': 2, '1029': 2, '102963': 1, '1029.5': 2, '10249': 1, '10296173': 1}"
4121 / 4121 = ,1,1003,False,10003; 10003; 10000; 10053; 1005; 10000; 10000; 10003; 1; 10003; 10003; 10003; 1; 1; 10031; 1003; 10053; 10031; 1003; 1,10003,False,"{'10003': 6, '10000': 3, '10053': 2, '1005': 1, '1': 4, '10031': 2, '1003': 2}"
4122 / 4122 = ,1,10051,False,1005; 10000; 1; 10003; 1; 1005; 1; 1; 1001; 10000; 1; 1000; 1001; 1001; 1; 1; 10001; 1001; 1001; 1000,1,True,"{'1005': 2, '10000': 2, '1': 7, '10003': 1, '1001': 5, '1000': 2, '10001': 1}"
4124 / 4124 = ,1,10321,False,10368; 10368; 10321; 10321; 10316; 10; 1; 103186; 10368; 10305; 1; 10; 1; 10; 10321; 1; 10; 10; 10; 1,10,False,"{'10368': 3, '10321': 3, '10316': 1, '10': 6, '1': 5, '103186': 1, '10305': 1}"
4128 / 4128 = ,1,10,False,10; 1; 10; 1; 1; 10; 10; 10; 1; 10; 1; 10; 1; 1; 1; 10; 10; 10; 1; 1,10,False,"{'10': 10, '1': 10}"
4140 / 4140 = ,1,100,False,100; 100; 100; 100; 100; 100; 10; 10; 10; 100; 100; 100; 10; 100; 100; 100; 10; 100; 10; 100,100,False,"{'100': 14, '10': 6}"
4141 / 4141 = ,1,10000,False,10; 10; 10; 10; 1; 1; 100; 1; 10000; 10003; 10; 1; 1; 10000; 10021; 1; 10021; 10; 10021; 1,1,True,"{'10': 6, '1': 7, '100': 1, '10000': 2, '10003': 1, '10021': 3}"
4144 / 4144 = ,1,10321,False,10; 10; 10321; 10321; 10; 10321; 10321; 10321; 10321; 10321; 10321; 10321; 10; 10; 10321; 10321; 10321; 10321; 10; 10321,10321,False,"{'10': 6, '10321': 14}"
4145 / 4145 = ,1,10321,False,10302; 10325; 10322; 10325; 10321; 103; 10302; 10321; 10302; 1031; 1031; 10325; 1031; 10306; 10302; 10301; 1031; 1031; 10325; 103,1031,False,"{'10302': 4, '10325': 4, '10322': 1, '10321': 2, '103': 2, '1031': 5, '10306': 1, '10301': 1}"
4147 / 4147 = ,1,10329,False,1035; 1; 10328; 10; 1; 10; 1; 10386; 10; 1; 1; 1; 1; 1035; 10359; 1036; 1; 1; 1; 10329,1,True,"{'1035': 2, '1': 10, '10328': 1, '10': 3, '10386': 1, '10359': 1, '1036': 1, '10329': 1}"
4148 / 4148 = ,1,10321,False,10321; 1; 1; 10321; 10321; 10361; 1; 1; 1; 10321; 1; 10361; 1; 1; 1; 1; 10321; 10321; 10321; 1036.75,1,True,"{'10321': 7, '1': 10, '10361': 2, '1036.75': 1}"
4153 - 4145 = ,8,10,False,10; 10; 10; 10; 10; 10; 10; 10; 10; 10; 10; 10; 10; 10; 10; 10; 10; 10; 10; 10,10,False,{'10': 20}
4159 / 4159 = ,1,10328,False,1; 10328; 10318; 1; 10328; 1; 1; 1; 1; 10328; 10328; 10328; 10318; 1; 1; 10328; 1; 1; 10328; 1,1,True,"{'1': 11, '10328': 7, '10318': 2}"
4186 - 4178 = ,8,10,False,10; 10; 10; 10; 1; 10; 1; 10; 10; 10; 10; 10; 1; 10; 1; 10; 10; 10; 10; 1,10,False,"{'10': 15, '1': 5}"
4188 / 4188 = ,1,10361,False,10361; 10361; 10361; 1; 10361; 10361; 10361; 1; 1036.729; 10361; 1; 10361; 1; 10362; 1; 10361; 1036.25; 1; 10361; 1,10361,False,"{'10361': 10, '1': 7, '1036.729': 1, '10362': 1, '1036.25': 1}"
4189 / 4189 = ,1,10378,False,10378; 1; 10328; 10378; 10378; 1; 10368; 1; 10378; 1; 1; 10328; 1; 10321; 1; 10378; 10368; 10362; 1; 1037.65,1,True,"{'10378': 5, '1': 8, '10328': 2, '10368': 2, '10321': 1, '10362': 1, '1037.65': 1}"
4194 - 4189 = ,5,10,False,10; 10; 10; 10; 10; 10; 10; 10; 10; 10; 10; 10; 10; 10; 10; 10; 10; 10; 10; 10,10,False,{'10': 20}
4195 / 4195 = ,1,1038.76,False,1038.25; 1; 1038.25; 1; 1038; 1038.67; 1038.627; 1038.67; 1; 1038.67; 1038.75; 1; 1038; 1038; 1038.76; 1; 1038; 1038.67; 1038.25; 1,1,True,"{'1038.25': 3, '1': 6, '1038': 4, '1038.67': 4, '1038.627': 1, '1038.75': 1, '1038.76': 1}"
4197 / 4197 = ,1,10386,False,1038; 1038.5; 10386; 1; 1003; 1; 10386; 1; 1; 1; 10386; 10386; 1000; 1; 1; 10386; 1; 1038; 10325; 1,1,True,"{'1038': 2, '1038.5': 1, '10386': 5, '1': 9, '1003': 1, '1000': 1, '10325': 1}"
4206 - 4200 = ,6,10,False,10; 6; 6; 10; 10; 6; 10; 6; 6; 10; 6; 6; 6; 6; 10; 6; 10; 6; 10; 6,6,True,"{'10': 8, '6': 12}"
4210 - 4201 = ,9,10,False,10; 10; 10; 10; 10; 10; 10; 10; 10; 10; 10; 10; 10; 10; 10; 10; 10; 10; 10; 10,10,False,{'10': 20}
4212 - 4211 = ,1,10,False,2; 10; 10; 1; 2; 10; 2; 1; 10; 2; 10; 10; 2; 10; 10; 1; 2; 10; 2; 2,10,False,"{'2': 8, '10': 9, '1': 3}"
4214 - 4211 = ,3,10,False,10; 10; 10; 10; 10; 10; 10; 10; 10; 10; 10; 10; 10; 10; 10; 10; 10; 10; 10; 10,10,False,{'10': 20}
4215 - 4211 = ,4,10,False,10; 10; 10; 10; 10; 10; 10; 10; 10; 10; 10; 10; 10; 10; 10; 10; 10; 10; 10; 10,10,False,{'10': 20}
4216 - 4211 = ,5,10,False,10; 10; 10; 10; 10; 10; 10; 10; 10; 10; 10; 10; 10; 10; 10; 10; 10; 10; 10; 10,10,False,{'10': 20}
4216 - 4212 = ,4,10,False,0; 0; 0; 0; 0; 0; 10; 0; 10; 10; 10; 0; 10; 0; 0; 0; 10; 0; 0; 0,0,False,"{'0': 14, '10': 6}"
4217 - 4211 = ,6,10,False,10; 10; 10; 10; 10; 10; 10; 10; 10; 10; 10; 10; 10; 10; 10; 10; 10; 10; 10; 10,10,False,{'10': 20}
4218 - 4211 = ,7,10,False,10; 10; 10; 10; 10; 10; 10; 10; 10; 10; 10; 10; 10; 10; 10; 10; 10; 10; 10; 10,10,False,{'10': 20}
4219 - 4211 = ,8,10,False,10; 10; 10; 10; 10; 10; 10; 10; 10; 10; 10; 10; 10; 10; 10; 10; 10; 10; 10; 10,10,False,{'10': 20}
4221 - 4212 = ,9,10,False,10; 19; 19; 10; 10; 10; 19; 19; 19; 19; 10; 10; 19; 10; 10; 10; 10; 10; 10; 10,10,False,"{'10': 13, '19': 7}"
4225 - 4222 = ,3,10,False,10; 10; 10; 10; 10; 10; 10; 10; 10; 10; 10; 10; 10; 10; 10; 10; 10; 10; 10; 10,10,False,{'10': 20}
4226 - 4222 = ,4,10,False,10; 10; 10; 10; 10; 10; 10; 10; 10; 10; 10; 10; 10; 10; 10; 10; 10; 10; 10; 10,10,False,{'10': 20}
4227 - 4222 = ,5,10,False,10; 10; 10; 10; 10; 10; 10; 10; 10; 10; 10; 10; 10; 10; 10; 10; 10; 10; 10; 10,10,False,{'10': 20}
4228 - 4222 = ,6,10,False,10; 10; 10; 10; 10; 10; 10; 10; 10; 10; 10; 10; 10; 10; 10; 10; 10; 10; 10; 10,10,False,{'10': 20}
4229 - 4222 = ,7,10,False,10; 10; 10; 10; 10; 10; 10; 10; 10; 10; 10; 10; 10; 10; 10; 10; 10; 10; 10; 10,10,False,{'10': 20}
4232 - 4223 = ,9,10,False,10; 10; 10; 10; 10; 10; 10; 10; 10; 10; 10; 10; 10; 10; 10; 10; 10; 10; 10; 10,10,False,{'10': 20}
4242 - 4234 = ,8,10,False,10; 10; 10; 10; 10; 10; 10; 10; 10; 10; 10; 10; 10; 10; 10; 10; 10; 10; 10; 10,10,False,{'10': 20}
4243 - 4234 = ,9,10,False,10; 10; 10; 10; 10; 10; 10; 10; 10; 10; 10; 10; 10; 10; 10; 10; 10; 10; 10; 10,10,False,{'10': 20}
4244 / 2122 = ,2,20,False,20; 2; 20; 20; 20; 2; 20; 2; 2; 2; 20; 2; 2; 2; 2; 20; 2; 20; 20; 20,20,False,"{'20': 10, '2': 10}"
4248 - 4244 = ,4,10,False,10; 10; 10; 10; 10; 10; 10; 10; 10; 10; 10; 10; 10; 10; 10; 10; 10; 10; 10; 10,10,False,{'10': 20}
4253 - 4245 = ,8,10,False,10; 10; 10; 10; 10; 10; 10; 10; 10; 10; 10; 10; 10; 10; 10; 10; 10; 10; 10; 10,10,False,{'10': 20}
4254 - 4245 = ,9,10,False,10; 10; 10; 10; 10; 10; 10; 10; 10; 10; 10; 10; 10; 10; 10; 10; 10; 10; 10; 10,10,False,{'10': 20}
4265 - 4256 = ,9,10,False,10; 10; 10; 10; 10; 10; 10; 10; 10; 10; 10; 10; 10; 10; 10; 10; 10; 10; 10; 10,10,False,{'10': 20}
4275 - 4267 = ,8,10,False,10; 10; 10; 8; 10; 10; 10; 8; 10; 10; 10; 10; 8; 10; 10; 10; 10; 10; 10; 10,10,False,"{'10': 17, '8': 3}"
4276 - 4267 = ,9,10,False,10; 10; 10; 10; 10; 10; 10; 10; 10; 10; 10; 10; 10; 10; 10; 10; 10; 10; 10; 10,10,False,{'10': 20}
4285 - 4278 = ,7,10,False,10; 10; 10; 10; 10; 10; 10; 10; 10; 10; 10; 10; 10; 10; 10; 10; 10; 10; 10; 10,10,False,{'10': 20}
4286 - 4278 = ,8,10,False,10; 10; 10; 10; 10; 10; 10; 10; 10; 10; 10; 10; 10; 10; 10; 10; 10; 10; 10; 10,10,False,{'10': 20}
4287 - 4278 = ,9,10,False,10; 10; 10; 10; 10; 10; 10; 10; 10; 10; 10; 10; 10; 10; 10; 10; 10; 10; 10; 10,10,False,{'10': 20}
4294 - 4287 = ,7,12,False,13; 12; 13; 12; 12; 12; 12; 13; 13; 12; 13; 13; 13; 12; 13; 13; 12; 12; 12; 12,12,False,"{'13': 9, '12': 11}"
4294 - 4289 = ,5,10,False,10; 10; 10; 10; 10; 10; 10; 10; 10; 10; 10; 10; 10; 10; 10; 10; 10; 10; 10; 10,10,False,{'10': 20}
4296 - 4289 = ,7,10,False,10; 10; 10; 10; 10; 10; 10; 10; 10; 10; 10; 10; 10; 10; 10; 10; 10; 10; 10; 10,10,False,{'10': 20}
4298 - 4289 = ,9,10,False,10; 10; 10; 10; 10; 10; 10; 10; 10; 10; 10; 10; 10; 10; 10; 10; 10; 10; 10; 10,10,False,{'10': 20}
4316 - 4311 = ,5,10,False,10; 10; 10; 10; 10; 10; 10; 10; 10; 10; 10; 10; 10; 10; 10; 10; 10; 10; 10; 10,10,False,{'10': 20}
4318 - 4311 = ,7,10,False,10; 10; 10; 10; 10; 10; 10; 10; 10; 10; 10; 10; 10; 10; 10; 10; 10; 10; 10; 10,10,False,{'10': 20}
4326 - 4322 = ,4,10,False,10; 10; 10; 10; 10; 10; 10; 10; 10; 10; 10; 10; 10; 10; 10; 10; 10; 10; 10; 10,10,False,{'10': 20}
4332 - 4323 = ,9,10,False,0; 10; 10; 0; 10; 10; 10; 0; 10; 10; 0; 0; 10; 0; 10; 0; 10; 10; 10; 10,10,False,"{'0': 7, '10': 13}"
4333 - 4324 = ,9,10,False,19; 10; 10; 10; 10; 10; 10; 10; 19; 10; 10; 19; 19; 10; 10; 19; 19; 10; 10; 19,10,False,"{'19': 7, '10': 13}"
4343 - 4334 = ,9,10,False,10; 10; 10; 10; 10; 10; 10; 10; 10; 10; 10; 10; 10; 10; 10; 10; 10; 10; 10; 10,10,False,{'10': 20}
4353 - 4345 = ,8,10,False,10; 10; 10; 10; 10; 10; 10; 10; 10; 10; 10; 10; 10; 10; 10; 10; 10; 10; 10; 10,10,False,{'10': 20}
4397 - 4389 = ,8,10,False,10; 10; 10; 10; 10; 10; 10; 10; 10; 10; 10; 10; 10; 10; 10; 10; 10; 10; 10; 10,10,False,{'10': 20}
4398 - 4389 = ,9,10,False,10; 10; 10; 10; 10; 10; 10; 10; 10; 10; 10; 10; 10; 10; 10; 10; 10; 10; 10; 10,10,False,{'10': 20}
4410 - 4401 = ,9,10,False,1; 1; 10; 1; 1; 1; 10; 10; 1; 1; 10; 10; 10; 10; 10; 10; 10; 1; 10; 10,10,False,"{'1': 8, '10': 12}"
4414 / 2207 = ,2,20,False,20; 2; 20; 20; 2; 2; 2; 20; 20; 2; 2; 20; 2; 2; 20; 20; 2; 20; 20; 20,20,False,"{'20': 11, '2': 9}"
4416 - 4411 = ,5,10,False,10; 10; 10; 10; 10; 10; 10; 10; 10; 10; 10; 10; 10; 10; 10; 10; 10; 10; 10; 10,10,False,{'10': 20}
4440 / 4440 = ,1,10,False,10; 1; 1; 1; 1; 1; 100; 10; 1; 1; 10; 1; 100; 1; 10; 100; 10; 1; 100; 10,1,True,"{'10': 6, '1': 10, '100': 4}"
4443 - 4435 = ,8,-12,False,-12; -12; -12; -12; -12; -12; -12; -12; -12; -12; -12; -12; -12; -12; -12; -12; -12; -12; -12; -12,-12,False,{'-12': 20}
4453 - 4445 = ,8,10,False,1; 10; 10; 10; 1; 10; 10; 1; 10; 10; 10; 10; 10; 10; 10; 10; 1; 1; 1; 10,10,False,"{'1': 6, '10': 14}"
4454 / 2227 = ,2,20,False,20; 20; 20; 20; 20; 20; 20; 20; 20; 20; 20; 20; 20; 20; 20; 20; 20; 20; 20; 20,20,False,{'20': 20}
4474 / 2237 = ,2,20,False,20; 20; 20; 20; 2; 20; 20; 20; 20; 2; 2; 2; 20; 20; 20; 2; 20; 20; 20; 2,20,False,"{'20': 14, '2': 6}"
4486 - 4478 = ,8,10,False,10; 10; 10; 10; 10; 10; 10; 10; 10; 10; 10; 10; 10; 10; 10; 10; 10; 10; 10; 10,10,False,{'10': 20}
4514 / 2257 = ,2,19,False,19; 19; 19; 19; 20; 19; 19; 19; 20; 18; 19; 20; 2; 20; 19; 19; 20; 19; 20; 19,19,False,"{'19': 12, '20': 6, '18': 1, '2': 1}"
4518 - 4511 = ,7,10,False,10; 10; 10; 10; 1; 10; 1; 1; 10; 1; 1; 1; 10; 10; 10; 1; 10; 1; 10; 1,10,False,"{'10': 11, '1': 9}"
4554 - 4545 = ,9,10,False,10; 10; 10; 10; 10; 10; 10; 10; 10; 10; 10; 10; 10; 10; 10; 10; 10; 10; 10; 10,10,False,{'10': 20}
4565 - 4556 = ,9,10,False,10; 10; 10; 10; 10; 10; 10; 10; 10; 10; 10; 10; 10; 10; 10; 10; 10; 10; 10; 10,10,False,{'10': 20}
4574 / 2287 = ,2,19,False,19; 19; 19; 19; 19; 19; 19; 19; 1; 19; 19; 19; 19; 19; 19; 19; 19; 19; 19; 19,19,False,"{'19': 19, '1': 1}"
4576 / 2288 = ,2,19,False,19; 19; 1; 19; 19; 19; 19; 19; 19; 19; 1; 1; 19; 19; 19; 19; 19; 19; 19; 1,19,False,"{'19': 16, '1': 4}"
4598 - 4589 = ,9,10,False,10; 10; 10; 10; 10; 10; 10; 10; 10; 10; 10; 10; 10; 10; 10; 10; 10; 10; 10; 10,10,False,{'10': 20}
4614 - 4611 = ,3,10,False,10; 10; 10; 10; 10; 10; 10; 10; 10; 10; 10; 10; 10; 10; 10; 10; 10; 10; 10; 10,10,False,{'10': 20}
4618 - 4611 = ,7,10,False,10; 10; 10; 10; 10; 10; 10; 10; 10; 10; 10; 10; 10; 10; 10; 10; 10; 10; 10; 10,10,False,{'10': 20}
4624 / 2312 = ,2,20,False,20; 2; 2; 20; 20; 20; 2; 20; 20; 2; 2; 20; 2; 2; 20; 2; 2; 20; 2; 2,2,True,"{'20': 9, '2': 11}"
4644 / 2322 = ,2,20,False,2; 20; 20; 20; 20; 20; 20; 2; 20; 20; 20; 20; 2; 2; 20; 2; 2; 20; 20; 20,20,False,"{'2': 6, '20': 14}"
4646 / 2323 = ,2,20,False,20; 20; 20; 20; 20; 20; 20; 20; 20; 20; 20; 20; 20; 20; 20; 20; 20; 20; 20; 20,20,False,{'20': 20}
4654 / 2327 = ,2,20,False,20; 20; 20; 20; 20; 20; 20; 20; 20; 20; 20; 20; 20; 20; 20; 20; 20; 20; 20; 20,20,False,{'20': 20}
4662 / 777 = ,6,58,False,58; 58; 58; 58; 58; 58; 6; 59; 58; 59; 58; 58; 58; 58; 6; 59; 58; 59; 58; 58,58,False,"{'58': 14, '6': 2, '59': 4}"
4664 / 2332 = ,2,20,False,20; 2; 20; 2; 20; 2; 20; 2; 2; 2; 2; 20; 2; 2; 2; 20; 20; 20; 2; 20,2,True,"{'20': 9, '2': 11}"
4665 - 4656 = ,9,10,False,10; 10; 10; 10; 10; 10; 10; 10; 10; 10; 10; 10; 10; 10; 10; 10; 10; 10; 10; 10,10,False,{'10': 20}
4684 / 2342 = ,2,20,False,20; 20; 2; 20; 20; 2; 20; 20; 2; 2; 20; 2; 20; 2; 20; 20; 20; 2; 20; 20,20,False,"{'20': 13, '2': 7}"
4694 / 2347 = ,2,20,False,2; 2; 20; 20; 20; 20; 20; 2; 2; 20; 20; 20; 2; 2; 2; 20; 20; 2; 20; 2,20,False,"{'2': 9, '20': 11}"
4710 - 4701 = ,9,10,False,1; 10; 1; 10; 10; 1; 1; 10; 10; 10; 10; 1; 10; 1; 10; 10; 10; 1; 10; 10,10,False,"{'1': 7, '10': 13}"
4714 - 4711 = ,3,10,False,10; 10; 10; 10; 10; 10; 10; 10; 10; 10; 10; 10; 10; 10; 10; 10; 10; 10; 10; 10,10,False,{'10': 20}
4714 / 4714 = ,1,10023,False,1; 10; 1002; 10003; 1; 10023; 1002; 1; 1003; 1; 1; 10003; 1; 1; 1003; 1003; 1003; 1003; 10003; 1003,1,True,"{'1': 7, '10': 1, '1002': 2, '10003': 3, '10023': 1, '1003': 6}"
4716 - 4711 = ,5,10,False,10; 10; 10; 10; 10; 10; 10; 10; 10; 10; 10; 10; 10; 10; 10; 10; 10; 10; 10; 10,10,False,{'10': 20}
4718 - 4711 = ,7,10,False,10; 10; 10; 10; 10; 10; 10; 10; 10; 10; 10; 10; 10; 10; 10; 10; 10; 10; 10; 10,10,False,{'10': 20}
4724 / 2362 = ,2,20,False,20; 20; 20; 20; 20; 20; 20; 20; 20; 20; 20; 20; 20; 20; 20; 20; 20; 20; 20; 20,20,False,{'20': 20}
4728 - 4722 = ,6,10,False,10; 10; 10; 10; 10; 10; 10; 10; 10; 10; 10; 10; 10; 10; 10; 10; 10; 10; 10; 10,10,False,{'10': 20}
4744 / 2372 = ,2,20,False,20; 20; 20; 20; 20; 20; 20; 20; 20; 20; 20; 20; 20; 20; 20; 20; 20; 20; 20; 20,20,False,{'20': 20}
4746 / 2373 = ,2,20,False,2; 20; 2; 2; 20; 2; 2; 2; 2; 20; 2; 20; 20; 20; 20; 2; 20; 2; 2; 2,2,True,"{'2': 12, '20': 8}"
4747 - 4738 = ,9,12,False,12; 10; 12; 12; 12; 12; 12; 12; 12; 12; 12; 12; 12; 12; 12; 12; 12; 10; 10; 12,12,False,"{'12': 17, '10': 3}"
4747 - 4739 = ,8,10,False,11; 11; 10; 10; 11; 10; 10; 10; 11; 10; 11; 11; 10; 11; 10; 10; 10; 10; 10; 10,10,False,"{'11': 7, '10': 13}"
4747 / 4747 = ,1,10,False,10; 10; 1; 1; 10; 1; 10; 1; 10; 1; 1; 10; 10; 10; 10; 10; 1; 10; 10; 10,10,False,"{'10': 13, '1': 7}"
4748 / 2374 = ,2,20,False,20; 20; 20; 20; 20; 20; 20; 20; 20; 20; 20; 20; 20; 20; 20; 20; 20; 20; 20; 20,20,False,{'20': 20}
4748 - 4739 = ,9,10,False,10; 10; 10; 10; 10; 10; 10; 10; 10; 10; 10; 10; 10; 10; 10; 10; 10; 10; 10; 10,10,False,{'10': 20}
4754 / 2377 = ,2,20,False,20; 20; 20; 20; 20; 20; 20; 20; 20; 20; 20; 20; 20; 20; 20; 20; 20; 20; 20; 20,20,False,{'20': 20}
4774 / 2387 = ,2,20,False,20; 2; 2; 20; 2; 20; 20; 20; 20; 20; 20; 20; 20; 2; 20; 20; 2; 20; 20; 2,20,False,"{'20': 14, '2': 6}"
4786 - 4778 = ,8,10,False,10; 10; 10; 10; 10; 10; 10; 10; 10; 10; 10; 10; 10; 10; 10; 10; 10; 10; 10; 10,10,False,{'10': 20}
4810 / 2405 = ,2,20,False,2; 2; 20; 20; 2; 2; 2; 20; 20; 20; 2; 20; 2; 20; 20; 20; 2; 2; 2; 2,2,True,"{'2': 11, '20': 9}"
4814 / 2407 = ,2,20,False,20; 20; 20; 2; 20; 20; 20; 20; 20; 2; 20; 20; 20; 20; 20; 20; 2; 2; 20; 20,20,False,"{'20': 16, '2': 4}"
4818 - 4811 = ,7,10,False,10; 1; 1; 10; 10; 10; 1; 10; 1; 1; 10; 10; 10; 10; 10; 1; 10; 10; 10; 10,10,False,"{'10': 14, '1': 6}"
4819 - 4811 = ,8,10,False,2; 2; 1; 10; 10; 2; 10; 10; 10; 2; 10; 2; 10; 2; 2; 10; 10; 2; 1; 2,2,False,"{'2': 9, '1': 2, '10': 9}"
4824 / 2412 = ,2,20,False,20; 20; 2; 2; 20; 20; 2; 2; 20; 2; 2; 2; 2; 2; 2; 20; 20; 2; 2; 20,2,True,"{'20': 8, '2': 12}"
4826 - 4822 = ,4,10,False,10; 10; 10; 10; 10; 10; 10; 10; 10; 10; 10; 10; 10; 10; 10; 10; 10; 10; 10; 10,10,False,{'10': 20}
4827 - 4822 = ,5,10,False,1; 10; 10; 10; 10; 1; 1; 10; 1; 1; 1; 10; 1; 1; 1; 10; 10; 10; 1; 1,1,False,"{'1': 11, '10': 9}"
4828 - 4822 = ,6,10,False,10; 10; 10; 10; 10; 10; 10; 10; 10; 10; 10; 10; 10; 10; 10; 10; 10; 10; 10; 10,10,False,{'10': 20}
4834 / 2417 = ,2,20,False,20; 20; 20; 20; 20; 20; 20; 2; 20; 2; 20; 20; 20; 20; 20; 20; 20; 20; 20; 20,20,False,"{'20': 18, '2': 2}"
4840 / 4840 = ,1,10,False,10; 10; 10; 10; 1; 1; 1; 1; 10; 1; 10; 1; 1; 10; 10; 10; 1; 10; 10; 10,10,False,"{'10': 12, '1': 8}"
4853 - 4845 = ,8,10,False,1; 10; 1; 10; 10; 10; 1; 1; 1; 10; 1; 1; 1; 10; 1; 10; 10; 10; 10; 10,10,False,"{'1': 9, '10': 11}"
4874 / 2437 = ,2,20,False,20; 20; 20; 20; 20; 2; 20; 20; 20; 20; 2; 2; 2; 20; 2; 20; 20; 20; 20; 20,20,False,"{'20': 15, '2': 5}"
4875 - 4867 = ,8,10,False,10; 10; 10; 10; 10; 10; 10; 10; 10; 10; 10; 10; 10; 10; 10; 10; 10; 10; 10; 10,10,False,{'10': 20}
4876 - 4867 = ,9,10,False,10; 10; 10; 10; 10; 10; 10; 10; 10; 10; 10; 10; 10; 10; 10; 10; 10; 10; 10; 10,10,False,{'10': 20}
4884 / 2442 = ,2,20,False,20; 2; 2; 2; 20; 20; 2; 20; 20; 20; 2; 2; 20; 20; 2; 20; 20; 20; 20; 20,20,False,"{'20': 13, '2': 7}"
4886 - 4878 = ,8,10,False,10; 10; 10; 10; 10; 10; 10; 10; 10; 10; 10; 10; 10; 10; 10; 10; 10; 10; 10; 10,10,False,{'10': 20}
4887 - 4878 = ,9,10,False,10; 1; 1; 10; 9; 10; 9; 9; 9; 10; 9; 9; 10; 10; 1; 10; 10; 9; 10; 10,10,False,"{'10': 10, '1': 3, '9': 7}"
4914 / 2457 = ,2,20,False,20; 20; 20; 2; 2; 20; 2; 20; 2; 20; 20; 20; 20; 20; 20; 20; 2; 2; 20; 20,20,False,"{'20': 14, '2': 6}"
4914 - 4911 = ,3,10,False,10; 10; 10; 10; 10; 10; 10; 10; 10; 10; 10; 10; 10; 10; 10; 10; 10; 10; 10; 10,10,False,{'10': 20}
4914 / 4914 = ,1,10038,False,10281; 1; 10032; 1; 10032; 10038; 10032; 1; 1; 10236; 10285; 10038; 10032; 1; 1; 1; 1; 1; 10281; 10038,1,True,"{'10281': 2, '1': 9, '10032': 4, '10038': 3, '10236': 1, '10285': 1}"
4915 - 4911 = ,4,10,False,10; 10; 10; 10; 10; 10; 10; 10; 10; 10; 10; 10; 10; 10; 10; 10; 10; 10; 10; 10,10,False,{'10': 20}
4918 / 2459 = ,2,20,False,20; 2; 20; 20; 20; 20; 20; 2; 2; 20; 20; 20; 20; 2; 20; 20; 2; 20; 20; 20,20,False,"{'20': 15, '2': 5}"
4918 - 4911 = ,7,10,False,10; 10; 10; 10; 10; 10; 10; 10; 10; 10; 10; 10; 10; 10; 10; 10; 10; 10; 10; 10,10,False,{'10': 20}
4924 / 2462 = ,2,20,False,20; 20; 20; 20; 20; 20; 20; 20; 20; 20; 20; 20; 20; 20; 20; 20; 20; 20; 20; 20,20,False,{'20': 20}
4926 - 4922 = ,4,10,False,10; 10; 10; 10; 10; 10; 10; 10; 10; 10; 10; 10; 10; 10; 10; 10; 10; 10; 10; 10,10,False,{'10': 20}
4932 - 4923 = ,9,10,False,10; 10; 10; 10; 10; 10; 10; 10; 10; 10; 10; 10; 10; 10; 10; 10; 10; 10; 10; 10,10,False,{'10': 20}
4934 / 2467 = ,2,20,False,20; 20; 20; 20; 20; 20; 20; 20; 20; 20; 20; 20; 20; 20; 20; 20; 20; 20; 20; 20,20,False,{'20': 20}
4936 - 4933 = ,3,10,False,1; 10; 1; 10; 1; 10; 10; 1; 1; 10; 10; 10; 10; 10; 10; 10; 1; 10; 1; 10,10,False,"{'1': 7, '10': 13}"
4940 / 4940 = ,1,10,False,101; 10; 10; 101; 10; 10; 10; 10; 10; 101; 10; 101; 100; 100; 100; 10; 100; 10; 101; 10,10,False,"{'101': 5, '10': 11, '100': 4}"
4944 / 2472 = ,2,20,False,20; 20; 20; 20; 20; 20; 20; 20; 20; 20; 20; 20; 20; 20; 20; 20; 20; 20; 20; 20,20,False,{'20': 20}
4944 / 4944 = ,1,10,False,10; 10; 10; 10; 10; 10; 10; 10; 10; 10; 10; 10; 10; 10; 10; 10; 10; 10; 10; 10,10,False,{'10': 20}
4945 / 4945 = ,1,10,False,1; 1; 1; 10; 10; 10; 10; 10; 10; 10; 10; 10; 1; 10; 1; 1; 10; 1; 10; 10,10,False,"{'1': 7, '10': 13}"
4946 / 2473 = ,2,20,False,20; 2; 20; 20; 2; 20; 2; 20; 20; 20; 20; 20; 20; 2; 20; 20; 20; 20; 2; 20,20,False,"{'20': 15, '2': 5}"
4947 / 4947 = ,1,10,False,1; 10; 10; 1; 10; 10; 10; 10; 10; 1; 10; 1; 10; 1; 1; 1; 10; 10; 10; 10,10,False,"{'1': 7, '10': 13}"
4948 / 2474 = ,2,20,False,20; 20; 20; 20; 20; 20; 20; 20; 20; 20; 20; 20; 20; 20; 20; 20; 20; 20; 20; 20,20,False,{'20': 20}
4948 / 4948 = ,1,10,False,10121; 10; 10; 10121; 1024; 10; 10; 10121; 1024; 10; 10; 1024; 10121; 101.9952; 10121; 10; 10121; 1012; 10; 10,10,False,"{'10121': 6, '10': 9, '1024': 3, '101.9952': 1, '1012': 1}"
4949 / 4949 = ,1,10,False,10; 10; 10; 10; 10; 101981; 10; 10; 10; 101981; 10.0021; 10; 10; 10; 10.0021; 10.0021; 10; 10; 10; 10,10,False,"{'10': 15, '101981': 2, '10.0021': 3}"
4950 / 4950 = ,1,10,False,10; 10; 1; 10; 10; 10; 1; 10; 10; 1; 10; 10; 10; 1; 1; 10; 10; 1; 1; 10,10,False,"{'10': 13, '1': 7}"
4952 / 2476 = ,2,20,False,20; 2; 20; 2; 20; 20; 2; 20; 2; 20; 2; 20; 20; 20; 20; 20; 2; 20; 2; 2,20,False,"{'20': 12, '2': 8}"
4953 - 4945 = ,8,10,False,10; 10; 10; 10; 10; 10; 10; 10; 10; 10; 10; 10; 10; 10; 10; 10; 10; 10; 10; 10,10,False,{'10': 20}
4954 / 2477 = ,2,20,False,20; 20; 20; 20; 20; 20; 20; 20; 20; 20; 20; 20; 20; 20; 20; 20; 20; 20; 20; 20,20,False,{'20': 20}
4955 / 991 = ,5,50,False,50; 5; 50; 50; 50; 5; 50; 50; 50; 50; 50; 50; 5; 50; 50; 5; 5; 50; 50; 5,50,False,"{'50': 14, '5': 6}"
4955 / 4955 = ,1,10,False,10; 1; 10; 10; 10; 10; 10; 1; 10; 10; 10; 1; 10; 10; 10; 10; 1; 10; 10; 10,10,False,"{'10': 16, '1': 4}"
4958 / 2479 = ,2,20,False,20; 20; 20; 20; 20; 20; 20; 20; 20; 20; 20; 20; 20; 20; 20; 20; 20; 20; 20; 20,20,False,{'20': 20}
4959 / 4959 = ,1,10,False,10; 10100; 10; 10; 1; 10100; 1; 10; 10; 1; 10; 10; 10; 1; 10; 1; 1; 10; 1; 1,10,False,"{'10': 10, '10100': 2, '1': 8}"
4964 / 2482 = ,2,20,False,2; 20; 20; 20; 20; 20; 20; 2; 2; 20; 2; 2; 20; 20; 20; 2; 20; 20; 20; 2,20,False,"{'2': 7, '20': 13}"
4970 / 4970 = ,1,10,False,10; 10; 1; 10; 1; 10; 1; 10; 1; 10; 10; 1; 10; 10; 1; 1; 10; 1; 1; 1,10,False,"{'10': 10, '1': 10}"
4974 / 2487 = ,2,20,False,20; 20; 20; 20; 20; 20; 20; 20; 20; 20; 20; 20; 20; 20; 20; 20; 20; 20; 20; 20,20,False,{'20': 20}
4974 / 4974 = ,1,101.98,False,10000; 10; 1; 10038; 101.98; 1; 10003; 10; 10013; 10013; 10148; 10148; 101.9999; 101.98; 101.98; 10038; 10183; 10; 1001; 10,10,False,"{'10000': 1, '10': 4, '1': 2, '10038': 2, '101.98': 3, '10003': 1, '10013': 2, '10148': 2, '101.9999': 1, '10183': 1, '1001': 1}"
4975 / 4975 = ,1,10,False,10; 1; 10000; 1; 10; 10; 10; 1; 10000; 10000; 1; 1; 10000; 10; 1; 1; 10; 10; 10000; 1,1,True,"{'10': 7, '1': 8, '10000': 5}"
4977 / 4977 = ,1,10,False,10; 10; 10; 10; 10; 10; 10000; 10; 10; 10; 10000; 10; 10; 10; 10000; 1000; 10; 10; 10; 10,10,False,"{'10': 16, '10000': 3, '1000': 1}"
4980 / 4980 = ,1,10,False,10; 1; 10; 1000; 100; 1; 10; 1000; 10; 10; 10; 1; 1; 1; 10; 10; 10; 1; 1; 10,10,False,"{'10': 10, '1': 7, '1000': 2, '100': 1}"
4984 / 2492 = ,2,20,False,20; 20; 20; 20; 20; 20; 20; 20; 20; 20; 20; 20; 20; 20; 20; 20; 20; 20; 20; 20,20,False,{'20': 20}
4984 / 4984 = ,1,10,False,10; 10; 10; 1; 10; 10; 1; 1; 1; 10; 10; 10; 10; 10; 1; 10; 10; 10; 1; 10,10,False,"{'10': 14, '1': 6}"
4985 / 4985 = ,1,10,False,10; 10; 10; 10; 10; 10; 10; 10; 10; 10; 10; 10; 10; 10; 10; 10; 10; 10; 10; 10,10,False,{'10': 20}
4986 - 4978 = ,8,10,False,10; 10; 10; 10; 10; 10; 10; 10; 10; 10; 10; 10; 10; 10; 10; 10; 10; 10; 10; 10,10,False,{'10': 20}
4988 / 4988 = ,1,10,False,10; 10; 10; 10; 10; 10; 10; 10; 10; 10; 10; 10; 10000; 10; 10000; 10; 10; 10; 10; 10000,10,False,"{'10': 17, '10000': 3}"
4989 / 4989 = ,1,10,False,1; 10000; 1; 10; 1; 10; 10; 10010; 10; 10; 10; 1; 1; 10000; 10; 1; 10; 10; 10000; 1,10,False,"{'1': 7, '10000': 3, '10': 9, '10010': 1}"
4990 / 998 = ,5,50,False,50; 50; 50; 50; 50; 50; 50; 50; 50; 50; 50; 50; 50; 50; 50; 50; 50; 50; 50; 50,50,False,{'50': 20}
4990 / 4990 = ,1,10,False,10; 10; 10; 10; 10; 10; 10; 10; 10; 10; 10; 10; 10; 10; 10; 10; 10; 10; 10; 10,10,False,{'10': 20}
4992 / 4992 = ,1,10000,False,10001; 10001; 1001; 1001; 1001; 10000; 1001; 10001; 10000; 10000; 10000; 10000; 10001; 10000; 10001; 1001; 10001; 1001; 10001; 10000,10001,False,"{'10001': 7, '1001': 6, '10000': 7}"
4993 / 4993 = ,1,10000,False,10006; 10006; 1001; 10006; 1; 1; 1; 1; 10006; 1; 10006; 10006; 10000; 1; 1; 1; 1; 10000; 10006; 1,1,True,"{'10006': 7, '1001': 1, '1': 10, '10000': 2}"
4994 / 2497 = ,2,20,False,20; 20; 20; 20; 20; 20; 20; 20; 20; 20; 20; 20; 20; 20; 20; 20; 20; 20; 20; 20,20,False,{'20': 20}
4995 / 999 = ,5,50,False,50; 50; 50; 50; 50; 50; 50; 50; 50; 50; 50; 50; 50; 50; 50; 50; 50; 50; 50; 50,50,False,{'50': 20}
4995 / 4995 = ,1,10,False,10; 10; 10; 10; 10; 10; 10; 10; 10; 10; 10; 10; 10; 10; 10; 10; 10; 10; 10; 10,10,False,{'10': 20}
4996 / 2498 = ,2,20,False,20; 2; 20; 2; 2; 2; 2; 20; 2; 2; 20; 20; 20; 2; 20; 2; 20; 20; 20; 20,20,False,"{'20': 11, '2': 9}"
4997 / 4997 = ,1,10000,False,10000; 10; 10000; 10000; 10; 1; 1; 10; 10006; 1; 10003; 10; 1; 10; 1; 10; 10000; 10000; 10; 10,10,False,"{'10000': 5, '10': 8, '1': 5, '10006': 1, '10003': 1}"
4998 / 2499 = ,2,20,False,20; 2; 20; 20; 20; 20; 20; 2; 2; 20; 20; 2; 20; 20; 20; 20; 20; 20; 2; 20,20,False,"{'20': 15, '2': 5}"
4998 - 4989 = ,9,10,False,10; 10; 10; 10; 10; 10; 10; 10; 10; 10; 10; 10; 10; 10; 10; 10; 10; 10; 10; 10,10,False,{'10': 20}
5014 / 2507 = ,2,20,False,20; 20; 2; 2; 2; 2; 20; 2; 2; 20; 20; 20; 2; 20; 2; 2; 2; 20; 20; 2,2,True,"{'20': 9, '2': 11}"
5016 - 5011 = ,5,10,False,10; 10; 10; 10; 10; 10; 10; 10; 10; 10; 10; 10; 10; 10; 10; 10; 10; 10; 10; 10,10,False,{'10': 20}
5050 - 5041 = ,9,49,False,49; 49; 49; 49; 49; 49; 49; 49; 49; 49; 49; 49; 49; 49; 49; 49; 49; 49; 49; 49,49,False,{'49': 20}
5050 - 5042 = ,8,38,False,38; 38; 38; 38; 38; 38; 38; 38; 38; 38; 38; 38; 38; 38; 38; 38; 38; 38; 38; 38,38,False,{'38': 20}
5132 - 5123 = ,9,10,False,10; 10; 10; 10; 10; 10; 10; 10; 10; 10; 10; 10; 10; 10; 10; 10; 10; 10; 10; 10,10,False,{'10': 20}
5142 - 5134 = ,8,10,False,10; 10; 10; 10; 10; 10; 10; 10; 10; 10; 10; 10; 10; 10; 10; 10; 10; 10; 10; 10,10,False,{'10': 20}
5152 - 5145 = ,7,10,False,10; 7; 10; 10; 7; 10; 10; 7; 10; 7; 10; 7; 7; 7; 10; 7; 7; 10; 7; 7,7,True,"{'10': 9, '7': 11}"
5154 - 5145 = ,9,10,False,10; 10; 10; 10; 10; 10; 10; 10; 10; 10; 10; 10; 10; 10; 10; 10; 10; 10; 10; 10,10,False,{'10': 20}
5176 - 5167 = ,9,10,False,10; 10; 10; 10; 10; 10; 10; 1; 1; 1; 1; 1; 10; 10; 10; 10; 10; 10; 1; 10,10,False,"{'10': 14, '1': 6}"
5214 - 5211 = ,3,10,False,10; 10; 0; 10; 0; 1; 1; 0; 10; 10; 10; 10; 10; 10; 10; 0; 1; 10; 10; 0,10,False,"{'10': 12, '0': 5, '1': 3}"
5215 / 1043 = ,5,12,False,13; 12; 12; 12; 12; 5; 13; 12; 13; 12; 13; 13; 5; 13; 13; 13; 12; 12; 12; 5,12,False,"{'13': 8, '12': 9, '5': 3}"
5216 - 5211 = ,5,10,False,10; 10; 10; 10; 10; 10; 10; 10; 10; 10; 10; 10; 10; 10; 10; 10; 10; 10; 10; 10,10,False,{'10': 20}
5218 - 5211 = ,7,10,False,10; 10; 10; 10; 10; 10; 10; 10; 10; 10; 10; 10; 10; 10; 10; 10; 10; 10; 10; 10,10,False,{'10': 20}
5221 - 5212 = ,9,10,False,10; 10; 10; 10; 10; 10; 10; 10; 10; 10; 10; 10; 10; 10; 10; 10; 10; 10; 10; 10,10,False,{'10': 20}
5225 / 1045 = ,5,10,False,10; 10; 10; 10; 10; 1; 10; 1; 10; 1; 10; 1; 10; 10; 10; 10; 1; 10; 10; 10,10,False,"{'10': 15, '1': 5}"
5232 - 5223 = ,9,10,False,10; 10; 10; 10; 9; 10; 9; 9; 10; 10; 9; 10; 9; 9; 10; 10; 10; 9; 10; 10,10,False,"{'10': 13, '9': 7}"
5242 - 5234 = ,8,10,False,10; 10; 10; 10; 10; 10; 10; 10; 10; 10; 10; 10; 10; 10; 10; 10; 10; 10; 10; 10,10,False,{'10': 20}
5253 - 5245 = ,8,10,False,10; 10; 10; 10; 10; 10; 10; 10; 10; 10; 10; 10; 10; 10; 10; 10; 10; 10; 10; 10,10,False,{'10': 20}
5276 - 5267 = ,9,10,False,10; 1; 10; 1; 1; 10; 10; 10; 1; 10; 10; 1; 10; 10; 1; 10; 10; 10; 10; 1,10,False,"{'10': 13, '1': 7}"
5298 - 5289 = ,9,10,False,10; 10; 10; 10; 10; 10; 10; 10; 10; 10; 10; 10; 10; 10; 10; 10; 10; 10; 10; 10,10,False,{'10': 20}
5314 - 5311 = ,3,10,False,10; 10; 10; 10; 10; 10; 10; 10; 10; 10; 10; 10; 10; 10; 10; 10; 10; 10; 10; 10,10,False,{'10': 20}
5316 - 5311 = ,5,10,False,10; 10; 10; 10; 10; 10; 10; 10; 10; 10; 10; 10; 10; 10; 10; 10; 10; 10; 10; 10,10,False,{'10': 20}
5317 - 5311 = ,6,10,False,10; 10; 10; 10; 10; 10; 10; 10; 10; 10; 10; 10; 10; 10; 10; 10; 10; 10; 10; 10,10,False,{'10': 20}
5318 - 5311 = ,7,10,False,10; 10; 10; 10; 10; 10; 10; 10; 10; 10; 10; 10; 10; 10; 10; 10; 10; 10; 10; 10,10,False,{'10': 20}
5319 - 5311 = ,8,10,False,10; 10; 10; 10; 10; 10; 10; 10; 10; 10; 10; 10; 10; 10; 10; 10; 10; 10; 10; 10,10,False,{'10': 20}
5332 - 5323 = ,9,10,False,10; 10; 10; 10; 10; 10; 10; 10; 10; 10; 10; 10; 10; 10; 10; 10; 10; 10; 10; 10,10,False,{'10': 20}
5352 - 5345 = ,7,10,False,10; 10; 10; 10; 10; 10; 10; 10; 10; 10; 10; 1; 10; 10; 10; 1; 10; 10; 10; 10,10,False,"{'10': 18, '1': 2}"
5353 - 5345 = ,8,10,False,10; 10; 10; 10; 10; 10; 10; 10; 10; 10; 10; 10; 10; 10; 10; 10; 10; 10; 10; 10,10,False,{'10': 20}
5354 - 5345 = ,9,10,False,10; 10; 10; 10; 10; 10; 10; 10; 10; 10; 10; 10; 10; 10; 10; 10; 10; 10; 10; 10,10,False,{'10': 20}
5376 - 5367 = ,9,10,False,10; 10; 10; 10; 10; 10; 10; 10; 10; 10; 10; 10; 10; 10; 10; 10; 10; 10; 10; 10,10,False,{'10': 20}
5386 - 5378 = ,8,10,False,10; 10; 10; 10; 10; 10; 10; 10; 10; 10; 10; 10; 10; 10; 10; 10; 10; 10; 10; 10,10,False,{'10': 20}
5387 - 5378 = ,9,10,False,10; 10; 10; 10; 10; 10; 10; 10; 10; 10; 10; 10; 10; 10; 10; 10; 10; 10; 10; 10,10,False,{'10': 20}
5394 - 5389 = ,5,10,False,1; 1; 10; 1; 1; 10; 10; 10; 10; 1; 10; 10; 1; 10; 10; 10; 1; 10; 10; 1,10,False,"{'1': 8, '10': 12}"
5398 - 5389 = ,9,10,False,10; 10; 10; 10; 10; 10; 10; 10; 10; 10; 10; 10; 10; 10; 10; 10; 10; 10; 10; 10,10,False,{'10': 20}
5416 - 5411 = ,5,10,False,10; 10; 10; 10; 10; 10; 10; 10; 10; 10; 10; 10; 10; 10; 10; 10; 10; 10; 10; 10,10,False,{'10': 20}
5418 - 5411 = ,7,10,False,10; 10; 10; 10; 10; 10; 10; 10; 10; 10; 10; 10; 10; 10; 10; 10; 10; 10; 10; 10,10,False,{'10': 20}
5428 - 5422 = ,6,10,False,10; 10; 10; 10; 10; 10; 10; 10; 10; 10; 10; 10; 10; 10; 10; 10; 10; 10; 10; 10,10,False,{'10': 20}
5436 - 5427 = ,9,10,False,10; 5; 10; 10; 5; 10; 1; 10; 10; 10; 10; 10; 10; 10; 5; 5; 10; 10; 1; 10,10,False,"{'10': 14, '5': 4, '1': 2}"
5453 - 5445 = ,8,10,False,10; 10; 10; 10; 10; 10; 10; 10; 10; 10; 1; 1; 10; 10; 1; 10; 10; 10; 10; 10,10,False,"{'10': 17, '1': 3}"
5454 - 5445 = ,9,10,False,10; 10; 10; 10; 10; 10; 10; 10; 10; 10; 10; 10; 10; 10; 10; 10; 10; 10; 10; 10,10,False,{'10': 20}
5486 - 5478 = ,8,10,False,10; 10; 10; 10; 10; 10; 10; 10; 10; 10; 10; 10; 10; 10; 10; 10; 10; 10; 10; 10,10,False,{'10': 20}
5487 - 5478 = ,9,10,False,10; 10; 1; 10; 10; 1; 1; 10; 1; 1; 10; 1; 10; 1; 1; 10; 10; 10; 10; 10,10,False,"{'10': 12, '1': 8}"
5497 - 5489 = ,8,10,False,10; 10; 10; 1; 10; 1; 10; 10; 1; 10; 10; 10; 1; 10; 10; 10; 10; 10; 10; 10,10,False,"{'10': 16, '1': 4}"
5498 - 5489 = ,9,10,False,10; 10; 10; 10; 10; 10; 10; 10; 10; 10; 10; 10; 10; 10; 10; 10; 10; 10; 10; 10,10,False,{'10': 20}
5554 / 2777 = ,2,20,False,20; 2; 20; 20; 20; 20; 20; 20; 20; 20; 20; 20; 20; 20; 20; 20; 20; 20; 20; 20,20,False,"{'20': 19, '2': 1}"
5554 - 5545 = ,9,10,False,10; 10; 10; 10; 10; 10; 10; 10; 10; 10; 10; 10; 10; 10; 10; 10; 10; 10; 10; 10,10,False,{'10': 20}
5565 - 5556 = ,9,10,False,10; 10; 10; 10; 10; 10; 10; 10; 10; 10; 10; 10; 10; 10; 10; 10; 10; 10; 10; 10,10,False,{'10': 20}
5586 - 5578 = ,8,10,False,10; 10; 10; 1; 1; 1; 1; 10; 10; 10; 10; 10; 1; 10; 10; 1; 1; 1; 10; 10,10,False,"{'10': 12, '1': 8}"
5598 - 5589 = ,9,10,False,10; 10; 10; 10; 10; 10; 10; 10; 10; 10; 10; 10; 10; 10; 10; 10; 10; 10; 10; 10,10,False,{'10': 20}
5616 - 5611 = ,5,10,False,10; 1; 10; 10; 10; 10; 1; 10; 10; 10; 10; 10; 1; 1; 10; 10; 10; 1; 10; 1,10,False,"{'10': 14, '1': 6}"
5618 - 5611 = ,7,10,False,10; 10; 10; 10; 10; 10; 10; 10; 10; 10; 10; 10; 10; 10; 10; 10; 10; 10; 10; 10,10,False,{'10': 20}
5628 - 5622 = ,6,10,False,10; 10; 10; 10; 10; 10; 10; 10; 10; 10; 10; 10; 10; 10; 10; 10; 10; 10; 10; 10,10,False,{'10': 20}
5629 - 5622 = ,7,10,False,10; 10; 10; 10; 10; 1; 1; 10; 10; 10; 1; 10; 10; 1; 10; 1; 1; 1; 10; 1,10,False,"{'10': 12, '1': 8}"
5652 - 5645 = ,7,10,False,10; 10; 10; 10; 1; 10; 10; 1; 10; 1; 10; 10; 1; 1; 10; 1; 1; 10; 1; 1,10,False,"{'10': 11, '1': 9}"
5653 - 5645 = ,8,10,False,10; 10; 1; 10; 10; 10; 10; 10; 1; 10; 1; 10; 10; 10; 10; 10; 10; 1; 10; 10,10,False,"{'10': 16, '1': 4}"
5654 - 5645 = ,9,10,False,10; 10; 10; 10; 10; 10; 10; 10; 10; 10; 10; 10; 10; 10; 10; 10; 10; 10; 10; 10,10,False,{'10': 20}
5665 - 5656 = ,9,10,False,10; 9; 9; 10; 9; 1; 9; 10; 10; 9; 10; 10; 10; 10; 9; 10; 10; 9; 1; 9,10,False,"{'10': 10, '9': 8, '1': 2}"
5676 - 5667 = ,9,10,False,10; 10; 10; 10; 10; 10; 10; 10; 10; 10; 10; 10; 10; 10; 10; 10; 10; 10; 10; 10,10,False,{'10': 20}
5698 - 5689 = ,9,10,False,10; 10; 10; 10; 10; 10; 10; 10; 10; 10; 10; 10; 10; 10; 10; 10; 10; 10; 10; 10,10,False,{'10': 20}
5708 - 5700 = ,8,10,False,8; 8; 10; 10; 10; 10; 10; 10; 10; 10; 10; 10; 10; 10; 10; 10; 10; 8; 10; 8,10,False,"{'8': 4, '10': 16}"
5714 - 5711 = ,3,10,False,10; 10; 10; 10; 10; 10; 10; 10; 10; 10; 10; 10; 10; 10; 10; 10; 10; 10; 10; 10,10,False,{'10': 20}
5716 - 5711 = ,5,10,False,10; 10; 10; 10; 10; 10; 10; 10; 10; 10; 10; 10; 10; 10; 10; 10; 10; 10; 10; 10,10,False,{'10': 20}
5718 - 5711 = ,7,10,False,10; 10; 10; 10; 10; 10; 10; 10; 10; 10; 10; 10; 10; 10; 10; 10; 10; 10; 10; 10,10,False,{'10': 20}
5731 - 5723 = ,8,10,False,10; 10; 10; 10; 10; 10; 10; 10; 10; 10; 10; 10; 10; 10; 10; 10; 10; 10; 10; 10,10,False,{'10': 20}
5732 - 5723 = ,9,10,False,10; 10; 10; 10; 10; 10; 10; 10; 10; 10; 10; 10; 10; 10; 10; 10; 10; 10; 10; 10,10,False,{'10': 20}
5734 / 2867 = ,2,"1. **Division**: First, we",False,"1; 1. **Division**:
   \; 19; 1; 1; 1. **Divide the first digit; 1; 1; 19; 1. **Division Step:**; 1; 1; 1. **Initialization**: Start by initializing; 1; 1; 1; 1; 1; 1. **Division Step-by-Step; 1. **Division Setup:**",1,False,"{'1': 12, '1. **Division**:\n   \\': 1, '19': 2, '1. **Divide the first digit': 1, '1. **Division Step:**': 1, '1. **Initialization**: Start by initializing': 1, '1. **Division Step-by-Step': 1, '1. **Division Setup:**': 1}"
5742 - 5734 = ,8,10,False,10; 10; 10; 10; 10; 10; 10; 10; 10; 10; 10; 10; 10; 10; 10; 10; 10; 10; 10; 10,10,False,{'10': 20}
5754 - 5745 = ,9,10,False,10; 10; 10; 10; 10; 10; 10; 10; 10; 10; 10; 10; 10; 10; 10; 10; 10; 10; 10; 10,10,False,{'10': 20}
5757 / 5757 = ,1,10,False,10; 10; 10; 10; 10; 10; 10; 10; 10; 10; 10; 10; 10; 10; 10; 10; 10; 10; 10; 10,10,False,{'10': 20}
5774 / 2887 = ,2,"1. **Division**: First, we",False,2; 2; 1. **Initialization**: Start with the; 2; 1. **Division Calculation**:; 1; 1. **Division Step**:; 1. **Divide the numbers**:; 2; 1. **Initialization**: Start with \(; 1. **Division Setup:**; 2; 2; 1. **Identify the problem**:; 1; 2; 1. **Identify the problem**:; 1. **Initialization**: We start with; 1; 1,2,True,"{'2': 7, '1. **Initialization**: Start with the': 1, '1. **Division Calculation**:': 1, '1': 4, '1. **Division Step**:': 1, '1. **Divide the numbers**:': 1, '1. **Initialization**: Start with \\(': 1, '1. **Division Setup:**': 1, '1. **Identify the problem**:': 2, '1. **Initialization**: We start with': 1}"
5794 / 2897 = ,2,1. **Division Setup**: We start,False,"1. **Division**: First, we; 1. **Division Step**: First,; 1; 1. **Division Setup:**; 1; 1; 1; 1. **Divide**: First,; 1. **Division Step**: First,; 1. **Division Setup:**; 1. **Division Step:**; 1. **Divide the first digits; 1; 1; 1. **Division Setup:**; 1; 1; 1; 1. **Identify the numbers involved; 1. **Division Setup**: We start",1,False,"{'1. **Division**: First, we': 1, '1. **Division Step**: First,': 2, '1': 9, '1. **Division Setup:**': 3, '1. **Divide**: First,': 1, '1. **Division Step:**': 1, '1. **Divide the first digits': 1, '1. **Identify the numbers involved': 1, '1. **Division Setup**: We start': 1}"
5798 / 2899 = ,2,1. **Division Setup**: We start,False,"1. **Division Setup**:; 1; 1; 1; 1; 1; 1. **Initialization**: Start with an; 1; 1. **Division Process:**; 1; 1. **Initialization**:
   -; 1; 1. **Initialization**: 
    -; 1; 1; 1; 1; 1. **Division Setup:**; 1; 1. **Division Step**: First,",1,False,"{'1. **Division Setup**:': 1, '1': 13, '1. **Initialization**: Start with an': 1, '1. **Division Process:**': 1, '1. **Initialization**:\n   -': 1, '1. **Initialization**: \n    -': 1, '1. **Division Setup:**': 1, '1. **Division Step**: First,': 1}"
5816 - 5811 = ,5,10,False,1; 10; 10; 1; 1; 10; 1; 1; 1; 10; 1; 1; 1; 1; 10; 1; 10; 1; 1; 1,1,False,"{'1': 14, '10': 6}"
5842 - 5834 = ,8,10,False,10; 10; 10; 1; 10; 10; 10; 1; 10; 1; 1; 10; 10; 10; 10; 10; 10; 1; 10; 1,10,False,"{'10': 14, '1': 6}"
5852 - 5845 = ,7,10,False,10; 10; 10; 10; 10; 10; 10; 10; 10; 10; 10; 10; 10; 10; 10; 10; 10; 10; 10; 10,10,False,{'10': 20}
5853 - 5845 = ,8,10,False,10; 10; 10; 10; 10; 10; 10; 10; 10; 10; 10; 10; 10; 10; 10; 10; 10; 10; 10; 10,10,False,{'10': 20}
5854 / 2927 = ,2,20,False,20; 20; 20; 20; 20; 20; 20; 20; 2; 20; 20; 2; 20; 2; 20; 2; 20; 2; 20; 20,20,False,"{'20': 15, '2': 5}"
5854 - 5845 = ,9,10,False,10; 10; 10; 10; 10; 10; 10; 10; 10; 10; 10; 10; 10; 10; 10; 10; 10; 10; 10; 10,10,False,{'10': 20}
5858 / 2929 = ,2,20,False,20; 20; 20; 20; 20; 20; 20; 20; 20; 20; 20; 20; 20; 20; 20; 20; 20; 20; 20; 20,20,False,{'20': 20}
5858 - 5849 = ,9,11,False,11; 16; 11; 16; 11; 11; 11; 11; 11; 10; 11; 11; 11; 10; 10; 11; 16; 10; 10; 16,11,False,"{'11': 11, '16': 4, '10': 5}"
5858 / 5858 = ,1,10,False,1; 10101; 10; 1; 1; 101.01; 1; 10101; 10101; 10; 10; 10; 10; 10; 1; 1; 10; 1; 1; 1,1,True,"{'1': 9, '10101': 3, '10': 7, '101.01': 1}"
5882 - 5878 = ,4,10,False,10; 10; 10; 10; 10; 10; 10; 10; 10; 10; 10; 10; 10; 10; 10; 10; 10; 10; 10; 10,10,False,{'10': 20}
5914 - 5911 = ,3,10,False,1; 10; 10; 1; 1; 10; 1; 10; 10; 1; 2; 10; 10; 10; 2; 10; 1; 10; 10; 1,10,False,"{'1': 7, '10': 11, '2': 2}"
5916 - 5911 = ,5,10,False,10; 1; 10; 10; 10; 1; 1; 10; 10; 10; 10; 1; 1; 1; 1; 1; 1; 1; 1; 1,1,False,"{'10': 8, '1': 12}"
5918 / 2959 = ,2,20,False,20; 2; 2; 20; 20; 20; 20; 20; 20; 20; 20; 20; 20; 20; 20; 20; 2; 20; 20; 20,20,False,"{'20': 17, '2': 3}"
5918 - 5911 = ,7,10,False,1; 1; 10; 10; 10; 10; 10; 1; 10; 10; 10; 10; 10; 10; 1; 1; 10; 1; 10; 10,10,False,"{'1': 6, '10': 14}"
5924 / 2962 = ,2,20,False,2; 20; 2; 2; 20; 20; 2; 2; 2; 20; 20; 20; 20; 2; 20; 20; 20; 20; 20; 20,20,False,"{'2': 7, '20': 13}"
5938 / 2969 = ,2,20,False,20; 20; 20; 2; 20; 20; 20; 2; 20; 20; 20; 2; 2; 2; 2; 2; 20; 20; 2; 2,20,False,"{'20': 11, '2': 9}"
5952 - 5945 = ,7,10,False,10; 10; 10; 10; 10; 10; 10; 10; 10; 10; 10; 10; 10; 10; 10; 10; 10; 10; 10; 10,10,False,{'10': 20}
5954 / 2977 = ,2,20,False,20; 2; 20; 20; 2; 20; 20; 20; 2; 2; 20; 20; 20; 20; 2; 20; 2; 20; 2; 20,20,False,"{'20': 13, '2': 7}"
5955 / 5955 = ,1,10,False,10; 10; 10; 10; 10; 10; 10; 10; 10; 10; 10; 10; 10; 10; 10; 10; 10; 10; 10; 10,10,False,{'10': 20}
5956 / 2978 = ,2,20,False,20; 20; 2; 2; 20; 20; 20; 2; 20; 20; 20; 20; 2; 20; 20; 2; 2; 20; 20; 2,20,False,"{'20': 13, '2': 7}"
5958 / 2979 = ,2,20,False,2; 20; 20; 2; 20; 20; 20; 2; 20; 20; 2; 20; 2; 20; 20; 20; 20; 20; 2; 2,20,False,"{'2': 7, '20': 13}"
5959 / 5959 = ,1,10110,False,1011; 10110; 10; 10110; 10110; 10110; 10; 10; 101.98; 1011; 10; 1011; 10; 101.002; 10; 10110; 1011; 1011; 10110; 10110,10110,False,"{'1011': 5, '10110': 7, '10': 6, '101.98': 1, '101.002': 1}"
5995 / 5995 = ,1,10000,False,1; 10000; 10000; 1; 10000; 10000; 10000; 1; 10000; 1; 1; 1; 1; 1; 1; 1; 10000; 10000; 1; 10,1,True,"{'1': 11, '10000': 8, '10': 1}"
5996 / 2998 = ,2,20,False,2; 20; 20; 2; 20; 20; 20; 20; 20; 20; 20; 2; 2; 20; 20; 2; 2; 20; 2; 2,20,False,"{'2': 8, '20': 12}"
5998 / 2999 = ,2,20,False,20; 20; 20; 20; 20; 20; 20; 20; 20; 20; 20; 20; 20; 20; 20; 20; 20; 20; 20; 20,20,False,{'20': 20}
5998 - 5989 = ,9,10,False,10; 10; 10; 10; 10; 10; 10; 10; 10; 10; 10; 10; 10; 10; 10; 10; 10; 10; 10; 10,10,False,{'10': 20}
6010 - 6001 = ,9,10,False,10; 10; 10; 10; 10; 10; 10; 10; 10; 10; 10; 10; 10; 10; 10; 10; 10; 10; 10; 10,10,False,{'10': 20}
6014 - 6011 = ,3,10,False,10; 10; 10; 10; 10; 10; 10; 10; 10; 10; 10; 10; 10; 10; 10; 10; 10; 10; 10; 10,10,False,{'10': 20}
6018 - 6011 = ,7,10,False,10; 10; 10; 10; 10; 10; 10; 10; 10; 10; 10; 10; 10; 10; 10; 10; 10; 10; 10; 10,10,False,{'10': 20}
6028 - 6022 = ,6,10,False,10; 10; 10; 10; 10; 10; 10; 10; 10; 10; 10; 10; 10; 10; 10; 10; 10; 10; 10; 10,10,False,{'10': 20}
6042 - 6034 = ,8,10,False,10; 10; 10; 10; 10; 10; 10; 10; 10; 10; 10; 10; 10; 10; 10; 10; 10; 10; 10; 10,10,False,{'10': 20}
6050 / 3025 = ,2,19,False,1; 1; 19; 19; 19; 1; 19; 19; 19; 19; 1; 19; 19; 1; 1; 19; 19; 19; 19; 1,19,False,"{'1': 7, '19': 13}"
6051 / 2017 = ,3,2.98,False,2.98; 2.98; 2.98; 2.96; 2.96; 2.96; 2.98; 2.96; 2.98; 2.98; 2.97; 2.98; 2.98; 2.97; 2.98; 2.968; 2.98; 2.96; 2.96; 2.98,2.98,False,"{'2.98': 11, '2.96': 6, '2.97': 2, '2.968': 1}"
6054 - 6045 = ,9,10,False,10; 10; 10; 10; 10; 10; 10; 10; 10; 10; 10; 10; 10; 10; 10; 10; 10; 10; 10; 10,10,False,{'10': 20}
6065 - 6056 = ,9,10,False,10; 10; 10; 9; 9; 10; 10; 10; 9; 9; 10; 10; 10; 9; 10; 10; 10; 10; 10; 9,10,False,"{'10': 14, '9': 6}"
6071 - 6062 = ,9,59,False,59; 59; 59; 59; 59; 59; 59; 59; 59; 59; 5; 59; 5; 5; 5; 5; 59; 59; 59; 59,59,False,"{'59': 15, '5': 5}"
6074 - 6065 = ,9,29,False,29; 19; 29; 29; 29; 29; 29; 19; 29; 19; 19; 19; 19; 19; 29; 29; 29; 19; 19; 19,29,False,"{'29': 10, '19': 10}"
6076 - 6067 = ,9,10,False,9; 9; 10; 9; 10; 10; 10; 9; 10; 10; 9; 10; 9; 10; 9; 9; 10; 9; 10; 10,10,False,"{'9': 9, '10': 11}"
6114 - 6111 = ,3,10,False,10; 2; 10; 10; 10; 10; 10; 10; 10; 10; 10; 10; 10; 10; 10; 10; 2; 2; 2; 10,10,False,"{'10': 16, '2': 4}"
6118 - 6111 = ,7,10,False,10; 10; 10; 10; 10; 10; 10; 10; 10; 10; 10; 10; 10; 10; 10; 10; 10; 10; 10; 10,10,False,{'10': 20}
6165 / 1233 = ,5,49,False,49; 4; 4; 4; 4; 4; 4; 4; 4; 49; 49; 49; 49; 49; 49; 4; 49; 49; 4; 49,49,False,"{'49': 10, '4': 10}"
6170 / 1234 = ,5,48,False,48; 48; 48; 48; 48; 48; 48; 48; 48; 48; 48; 48; 48; 48; 48; 48; 48; 48; 48; 48,48,False,{'48': 20}
6170 / 3085 = ,2,1.94,False,1.94; 1.99; 1.99; 1.94; 1.99; 1.94; 1.94; 1.92; 1.99; 1.92; 1.94; 1.99; 1.94; 1.92; 1.94; 1.99; 1.99; 1.94; 1.96; 1.94,1.94,False,"{'1.94': 9, '1.99': 7, '1.92': 3, '1.96': 1}"
6170 - 6162 = ,8,38,False,38; 38; 38; 38; 38; 38; 38; 38; 38; 38; 38; 38; 38; 38; 38; 38; 38; 38; 38; 38,38,False,{'38': 20}
6170 - 6163 = ,7,27,False,27; 37; 27; 27; 27; 27; 37; 27; 27; 37; 27; 27; 37; 37; 37; 27; 37; 37; 37; 27,27,False,"{'27': 11, '37': 9}"
6170 - 6164 = ,6,36,False,36; 36; 36; 36; 36; 36; 36; 36; 36; 36; 36; 36; 36; 36; 36; 36; 36; 36; 36; 36,36,False,{'36': 20}
6170 - 6165 = ,5,45,False,45; 45; 45; 45; 45; 45; 45; 45; 45; 45; 45; 45; 45; 45; 45; 45; 45; 45; 45; 45,45,False,{'45': 20}
6170 - 6166 = ,4,34,False,34; 34; 34; 34; 34; 34; 34; 34; 34; 34; 34; 34; 34; 34; 34; 34; 34; 34; 34; 34,34,False,{'34': 20}
6170 - 6167 = ,3,33,False,33; 33; 33; 33; 33; 33; 33; 33; 33; 33; 33; 33; 33; 33; 33; 33; 33; 33; 33; 33,33,False,{'33': 20}
6172 / 3086 = ,2,1.95,False,1.99; 1.94; 1.95; 1.99; 1.94; 1.99; 1.95; 1.94; 1.95; 1.94; 1.99; 1.95; 1.98; 1.94; 1.98; 1.94; 1.98; 1.99; 1.99; 1.99,1.99,False,"{'1.99': 7, '1.94': 6, '1.95': 4, '1.98': 3}"
6176 / 772 = ,8,80,False,80; 80; 80; 80; 80; 80; 80; 80; 80; 80; 80; 80; 80; 80; 80; 80; 80; 80; 80; 80,80,False,{'80': 20}
6176 / 3088 = ,2,1.99,False,1.99; 1.99; 1.99; 1.99; 2; 2; 1.99; 1.95; 1.95; 1.99; 1.99; 2; 2; 1.99; 1.99; 1.99; 1.95; 1.99; 2; 2,1.99,False,"{'1.99': 11, '2': 6, '1.95': 3}"
6177 - 6172 = ,5,55,False,55; 5; 5; 5; 55; 55; 5; 5; 55; 55; 55; 55; 55; 55; 55; 55; 55; 55; 55; 55,55,False,"{'55': 15, '5': 5}"
6177 / 6177 = ,1,999,False,99; 99; 99; 999; 9; 9; 999; 9; 99; 99; 1; 99; 999; 999; 99; 99; 99; 99; 1; 99,99,False,"{'99': 11, '999': 4, '9': 3, '1': 2}"
6178 - 6169 = ,9,19,False,19; 19; 19; 19; 19; 19; 19; 19; 19; 19; 19; 19; 19; 19; 19; 19; 19; 19; 19; 19,19,False,{'19': 20}
6178 - 6171 = ,7,67,False,67; 67; 67; 67; 67; 67; 67; 67; 67; 67; 67; 67; 67; 67; 67; 67; 67; 67; 67; 67,67,False,{'67': 20}
6179 - 6172 = ,7,77,False,77; 77; 77; 77; 77; 77; 77; 77; 77; 77; 77; 77; 77; 77; 77; 77; 77; 77; 77; 77,77,False,{'77': 20}
6204 / 3102 = ,2,19,False,19; 1; 19; 19; 1; 1; 19; 19; 19; 19; 1; 19; 1; 19; 1; 19; 19; 19; 1; 1,19,False,"{'19': 12, '1': 8}"
6206 / 3103 = ,2,19,False,1; 1; 1; 19; 19; 19; 19; 19; 1; 1; 19; 19; 19; 1; 19; 19; 19; 19; 1; 1,19,False,"{'1': 8, '19': 12}"
6208 - 6200 = ,8,10,False,10; 10; 10; 10; 10; 10; 10; 10; 10; 10; 10; 10; 10; 10; 10; 10; 10; 10; 10; 10,10,False,{'10': 20}
6210 / 3105 = ,2,19,False,19; 2; 1; 2; 1; 1; 19; 1; 19; 1; 19; 2; 19; 19; 2; 19; 1; 1; 19; 19,19,False,"{'19': 9, '2': 4, '1': 7}"
6210 - 6201 = ,9,10,False,10; 10; 10; 10; 10; 10; 10; 10; 10; 10; 10; 10; 10; 10; 10; 10; 10; 10; 10; 10,10,False,{'10': 20}
6212 / 3106 = ,2,19,False,1; 19; 19; 19; 2; 2; 19; 2; 19; 19; 19; 19; 19; 19; 19; 1; 19; 2; 19; 19,19,False,"{'1': 2, '19': 14, '2': 4}"
6214 - 6211 = ,3,10,False,10; 10; 10; 10; 10; 10; 10; 10; 10; 10; 10; 10; 10; 10; 10; 10; 10; 10; 10; 10,10,False,{'10': 20}
6215 - 6211 = ,4,10,False,1; 1; 1; 10; 10; 1; 1; 1; 1; 1; 10; 1; 10; 10; 10; 1; 10; 10; 1; 10,1,False,"{'1': 11, '10': 9}"
6216 / 777 = ,8,84,False,80; 84; 80; 84; 80; 84; 8; 8; 84; 8; 8; 84; 80; 80; 8; 84; 80; 80; 8; 84,80,False,"{'80': 7, '84': 7, '8': 6}"
6216 - 6211 = ,5,10,False,10; 10; 10; 10; 10; 10; 10; 10; 10; 10; 10; 10; 10; 10; 10; 10; 10; 10; 10; 10,10,False,{'10': 20}
6218 - 6211 = ,7,10,False,10; 10; 10; 10; 10; 10; 10; 10; 10; 10; 10; 10; 10; 10; 10; 10; 10; 10; 10; 10,10,False,{'10': 20}
6219 - 6211 = ,8,10,False,10; 10; 10; 10; 10; 10; 10; 10; 10; 10; 10; 10; 10; 10; 10; 10; 10; 10; 10; 10,10,False,{'10': 20}
6221 - 6212 = ,9,10,False,10; 10; 10; 10; 10; 10; 10; 10; 10; 10; 10; 10; 10; 10; 10; 10; 10; 10; 10; 10,10,False,{'10': 20}
6226 / 3113 = ,2,19,False,19; 19; 2; 1; 1; 19; 2; 19; 2; 2; 19; 19; 19; 19; 2; 19; 19; 1; 19; 1,19,False,"{'19': 11, '2': 5, '1': 4}"
6230 / 3115 = ,2,19,False,19; 1; 19; 1; 19; 19; 1; 19; 1; 1; 19; 1; 19; 19; 19; 1; 1; 1; 19; 1,19,False,"{'19': 10, '1': 10}"
6242 / 3121 = ,2,19,False,19; 19; 19; 19; 19; 2; 19; 2; 2; 19; 19; 1; 1; 1; 19; 19; 19; 19; 19; 19,19,False,"{'19': 14, '2': 3, '1': 3}"
6242 - 6234 = ,8,10,False,10; 1; 1; 1; 1; 10; 1; 10; 10; 1; 10; 10; 1; 10; 10; 10; 1; 10; 1; 1,10,False,"{'10': 10, '1': 10}"
6266 / 3133 = ,2,19,False,19; 19; 2; 2; 19; 2; 2; 2; 2; 2; 2; 1; 1; 2; 19; 2; 2; 2; 1; 1,2,True,"{'19': 4, '2': 12, '1': 4}"
6298 - 6289 = ,9,10,False,10; 1; 1; 10; 10; 10; 1; 10; 10; 10; 1; 10; 10; 10; 10; 10; 1; 10; 10; 10,10,False,"{'10': 15, '1': 5}"
6314 - 6311 = ,3,10,False,10; 10; 2; 2; 10; 10; 2; 10; 10; 2; 2; 2; 2; 10; 2; 10; 10; 2; 2; 10,10,False,"{'10': 10, '2': 10}"
6316 - 6311 = ,5,10,False,10; 10; 10; 0; 0; 0; 0; 0; 10; 0; 10; 10; 10; 0; 10; 10; 10; 10; 10; 0,10,False,"{'10': 12, '0': 8}"
6318 - 6311 = ,7,10,False,10; 10; 10; 10; 10; 10; 10; 10; 10; 10; 10; 10; 10; 10; 10; 10; 10; 10; 10; 10,10,False,{'10': 20}
6319 - 6311 = ,8,10,False,10; 2; 10; 10; 10; 2; 10; 10; 2; 10; 2; 10; 2; 10; 10; 2; 2; 10; 2; 2,10,False,"{'10': 11, '2': 9}"
6332 - 6323 = ,9,10,False,10; 10; 10; 10; 10; 10; 10; 10; 10; 10; 10; 10; 10; 10; 10; 10; 10; 10; 10; 10,10,False,{'10': 20}
6343 - 6334 = ,9,10,False,1; 10; 1; 10; 1; 10; 10; 10; 1; 10; 10; 10; 10; 10; 10; 1; 1; 10; 10; 10,10,False,"{'1': 6, '10': 14}"
6353 - 6345 = ,8,10,False,10; 10; 10; 10; 8; 10; 10; 10; 8; 10; 8; 10; 10; 10; 8; 8; 10; 8; 8; 8,10,False,"{'10': 12, '8': 8}"
6354 - 6345 = ,9,10,False,10; 10; 10; 10; 10; 10; 10; 10; 10; 10; 10; 10; 10; 10; 10; 10; 10; 10; 10; 10,10,False,{'10': 20}
6363 - 6356 = ,7,10,False,10; 10; 10; 10; 10; 10; 10; 10; 10; 10; 10; 10; 10; 10; 10; 10; 10; 10; 10; 10,10,False,{'10': 20}
6364 - 6356 = ,8,10,False,10; 10; 10; 10; 10; 10; 10; 10; 10; 10; 10; 10; 10; 10; 10; 10; 10; 10; 10; 10,10,False,{'10': 20}
6365 - 6356 = ,9,10,False,10; 10; 10; 10; 10; 10; 10; 10; 10; 10; 10; 10; 10; 10; 10; 10; 10; 10; 10; 10,10,False,{'10': 20}
6404 / 3202 = ,2,19,False,19; 19; 19; 1; 19; 1; 19; 19; 1; 1; 19; 19; 19; 1; 19; 19; 19; 1; 1; 19,19,False,"{'19': 13, '1': 7}"
6406 / 3203 = ,2,19,False,19; 19; 19; 19; 19; 19; 19; 1; 1; 19; 19; 19; 1; 19; 19; 19; 19; 1; 19; 19,19,False,"{'19': 16, '1': 4}"
6410 / 3205 = ,2,19,False,1; 1.75; 19; 19; 19; 19; 19; 19; 1; 1.978; 19; 1; 1; 1; 19; 19; 19; 19; 19; 19,19,False,"{'1': 5, '1.75': 1, '19': 13, '1.978': 1}"
6414 / 3207 = ,2,18,False,18; 18; 18; 18; 19; 18; 18; 19; 19; 18; 19; 18; 18; 18; 18; 19; 18; 18; 18; 18,18,False,"{'18': 15, '19': 5}"
6414 - 6411 = ,3,10,False,10; 10; 10; 10; 10; 10; 10; 10; 10; 10; 10; 10; 10; 10; 10; 10; 10; 10; 10; 10,10,False,{'10': 20}
6416 / 3208 = ,2,19,False,19; 19; 19; 19; 19; 19; 19; 19; 19; 19; 19; 19; 19; 19; 19; 19; 19; 19; 19; 19,19,False,{'19': 20}
6418 - 6411 = ,7,10,False,10; 10; 10; 10; 10; 10; 10; 10; 10; 10; 10; 10; 10; 10; 10; 10; 10; 10; 10; 10,10,False,{'10': 20}
6419 - 6411 = ,8,10,False,10; 10; 10; 10; 10; 10; 10; 10; 10; 10; 10; 10; 10; 10; 10; 10; 10; 10; 10; 10,10,False,{'10': 20}
6420 / 3210 = ,2,19,False,1; 1; 19; 18; 19; 1; 19; 18; 18; 19; 1; 18; 19; 1; 19; 19; 19; 18; 1; 18,19,False,"{'1': 6, '19': 8, '18': 6}"
6421 - 6412 = ,9,10,False,9; 9; 10; 9; 9; 9; 10; 10; 10; 9; 9; 9; 9; 9; 9; 9; 10; 10; 10; 10,9,True,"{'9': 12, '10': 8}"
6428 - 6422 = ,6,10,False,10; 10; 10; 10; 10; 10; 10; 10; 10; 10; 10; 10; 10; 10; 10; 10; 10; 10; 10; 10,10,False,{'10': 20}
6430 / 3215 = ,2,19,False,19; 19; 19; 19; 19; 1; 19; 1; 19; 19; 19; 19; 19; 1; 19; 19; 19; 19; 19; 19,19,False,"{'19': 17, '1': 3}"
6442 / 3221 = ,2,19,False,19; 19; 19; 19; 19; 19; 19; 19; 19; 19; 19; 19; 19; 19; 19; 19; 19; 19; 19; 19,19,False,{'19': 20}
6446 / 3223 = ,2,19,False,19; 19; 19; 19; 19; 19; 19; 19; 19; 19; 19; 19; 19; 19; 19; 19; 19; 19; 19; 19,19,False,{'19': 20}
6450 / 3225 = ,2,1. **Division Setup**: Begin by,False,"1. **Division**: First, we; 1.79; 1. **Divide the first digit; 19; 1; 1.87; 19; 1. **Division Step-by-Step; 1.78; 1.75; 1; 1.89; 1. **Division Step**:; 1; 1.79; 1.75; 1.798; 1; 19; 1.689",1,False,"{'1. **Division**: First, we': 1, '1.79': 2, '1. **Divide the first digit': 1, '19': 3, '1': 4, '1.87': 1, '1. **Division Step-by-Step': 1, '1.78': 1, '1.75': 2, '1.89': 1, '1. **Division Step**:': 1, '1.798': 1, '1.689': 1}"
6453 - 6445 = ,8,10,False,10; 10; 10; 10; 10; 10; 10; 10; 10; 10; 10; 10; 10; 10; 10; 10; 10; 10; 10; 10,10,False,{'10': 20}
6454 / 3227 = ,2,19,False,18; 19; 19; 19; 19; 19; 18; 18; 19; 19; 19; 18; 18; 19; 19; 19; 19; 18; 19; 18,19,False,"{'18': 7, '19': 13}"
6456 / 3228 = ,2,19,False,19; 19; 19; 19; 19; 19; 19; 19; 19; 19; 19; 19; 19; 19; 19; 19; 19; 19; 19; 19,19,False,{'19': 20}
6464 / 3232 = ,2,18,False,18; 18; 18; 18; 18; 18; 18; 18; 18; 19; 18; 19; 18; 18; 18; 18; 18; 18; 18; 18,18,False,"{'18': 18, '19': 2}"
6464 - 6456 = ,8,10,False,10; 10; 10; 10; 10; 10; 10; 10; 10; 10; 10; 10; 10; 10; 10; 10; 10; 10; 10; 10,10,False,{'10': 20}
6465 - 6456 = ,9,10,False,10; 10; 10; 10; 10; 10; 10; 10; 10; 10; 10; 10; 10; 10; 10; 10; 10; 10; 10; 10,10,False,{'10': 20}
6470 / 3235 = ,2,19,False,19; 19; 1; 1; 1; 19; 19; 1; 19; 1; 19; 1; 1; 19; 19; 1; 19; 1; 19; 1,19,False,"{'19': 10, '1': 10}"
6472 / 3236 = ,2,1. **Division Setup**: Begin by,False,"1.5; 1; 1.59; 1. Divide the first digit of the; 1.5; 1.985; 1. **Division**: First, perform; 1; 1. **Divide the first two; 1.99; 1. **Division**: Start by performing; 1. **Division**: First, we; 1. **Division by Integer**:; 1. Divide the first digit of the; 1.5; 1. **Divide the first digit; 1. **Division Setup:**; 1. **Division**: First, we; 1; 1. **Divide the first two",1.5,False,"{'1.5': 3, '1': 3, '1.59': 1, '1. Divide the first digit of the': 2, '1.985': 1, '1. **Division**: First, perform': 1, '1. **Divide the first two': 2, '1.99': 1, '1. **Division**: Start by performing': 1, '1. **Division**: First, we': 2, '1. **Division by Integer**:': 1, '1. **Divide the first digit': 1, '1. **Division Setup:**': 1}"
6474 / 3237 = ,2,19,False,19; 18; 18; 19; 18; 19; 19; 19; 19; 18; 18; 19; 19; 19; 18; 19; 19; 19; 18; 19,19,False,"{'19': 13, '18': 7}"
6476 / 3238 = ,2,19,False,19; 19; 19; 19; 19; 19; 19; 19; 19; 19; 19; 19; 19; 19; 19; 19; 19; 19; 19; 19,19,False,{'19': 20}
6482 / 3241 = ,2,1.999,False,1.975; 1; 1.957; 1.95; 1; 1.975; 1; 1.5; 1.999; 1; 1.75; 1; 1.79; 1.95; 1.975; 1.975; 1; 1; 1.97; 1.95,1,False,"{'1.975': 4, '1': 7, '1.957': 1, '1.95': 3, '1.5': 1, '1.999': 1, '1.75': 1, '1.79': 1, '1.97': 1}"
6484 / 3242 = ,2,1.5,False,1; 1; 1.5; 1; 1. **Divide the first two; 1.79; 1.5; 1.5; 1.5; 1.75; 1. **Division by Integer**: First; 1; 1; 1; 1.5; 1.5; 1; 1.999; 1; 1.75,1,False,"{'1': 8, '1.5': 6, '1. **Divide the first two': 1, '1.79': 1, '1.75': 2, '1. **Division by Integer**: First': 1, '1.999': 1}"
6490 / 3245 = ,2,1.78,False,1.875; 1.78; 1.875; 1.85; 1.876; 1.875; 1.874; 1.78; 1.85; 1.78; 1.75; 1.875; 1.766; 1.76; 1.867; 1.84; 1.789; 1.75; 1.786; 1.78,1.875,False,"{'1.875': 4, '1.78': 4, '1.85': 2, '1.876': 1, '1.874': 1, '1.75': 2, '1.766': 1, '1.76': 1, '1.867': 1, '1.84': 1, '1.789': 1, '1.786': 1}"
6492 / 3246 = ,2,1.75,False,1.75; 1.5; 1.5; 1.5; 1.75; 1.5; 1.785; 1.875; 1.5; 1.5; 1.75; 1.75; 1.85; 1.75; 1.85; 1.75; 1.5; 1.85; 1.8075; 1.75,1.75,False,"{'1.75': 7, '1.5': 7, '1.785': 1, '1.875': 1, '1.85': 3, '1.8075': 1}"
6494 / 3247 = ,2,1.5,False,1; 1; 1.806; 1.5; 1.85; 1.5; 18; 1; 1; 1; 1. **Identify the numbers:; 1.589; 1. **Divide**: Divide the; 1; 1.958; 18; 1. **Divide the first digits; 18; 1; 1,1,False,"{'1': 8, '1.806': 1, '1.5': 2, '1.85': 1, '18': 3, '1. **Identify the numbers:': 1, '1.589': 1, '1. **Divide**: Divide the': 1, '1.958': 1, '1. **Divide the first digits': 1}"
6496 / 3248 = ,2,1.5,False,"1. **Divide the first two; 1; 1.5; 1.75; 1.5; 1.75; 1. **Identify the dividend and; 1.75; 1; 1.5; 1.75; 1.5; 1. **Division**: 
   -; 1.5; 1.75; 1.75; 1. **Division Step**: We start; 1; 1.75; 1.5",1.75,False,"{'1. **Divide the first two': 1, '1': 3, '1.5': 6, '1.75': 7, '1. **Identify the dividend and': 1, '1. **Division**: \n   -': 1, '1. **Division Step**: We start': 1}"
6498 / 3249 = ,2,1.75,False,1.75; 1.75; 1.75; 1.75; 1.75; 1.75; 1.975; 1.75; 1.5; 1.75; 1.75; 1.5; 1.5; 1.5; 1.5; 1.75; 1.507; 1.75; 1.75; 1.95,1.75,False,"{'1.75': 12, '1.975': 1, '1.5': 5, '1.507': 1, '1.95': 1}"
6498 - 6489 = ,9,10,False,10; 10; 10; 10; 10; 10; 10; 10; 10; 10; 10; 10; 10; 10; 10; 10; 10; 10; 10; 10,10,False,{'10': 20}
6500 / 3250 = ,2,1.9,False,1.714; 1.75; 1.9; 1.8; 1.9; 1.75; 1.8; 1.7; 1.7; 1.9; 1.75; 1.9; 1.9; 1.8; 1.9; 1.8; 1.8; 1.8; 1.8; 1.9,1.9,False,"{'1.714': 1, '1.75': 3, '1.9': 7, '1.8': 7, '1.7': 2}"
6502 / 3251 = ,2,1.98,False,1.789; 1; 1.989; 1; 1; 1; 1; 1.98; 1.98; 1.989; 1; 1.99; 1.74; 1.99; 1.948; 1; 1.984; 1.99; 1; 1.998,1,False,"{'1.789': 1, '1': 8, '1.989': 2, '1.98': 2, '1.99': 3, '1.74': 1, '1.948': 1, '1.984': 1, '1.998': 1}"
6504 / 3252 = ,2,1. **Division Setup**: Begin by,False,"1. **Division**: 
   First; 1; 1. First, we divide the first; 1. **Divide the first two; 1. First, divide 6 by; 1.79; 1. **Division Calculation:**; 1; 1. **Division**: We start by; 1.79; 1. **Divide the first digit; 1. **Divide the first digit; 1; 1.76; 1. **Division Setup:**; 1.87; 1. **Divide the first two; 1. **Division**: First, we; 1. **Division**: 
   \; 1. **Division Step**:",1,False,"{'1. **Division**: \n   First': 1, '1': 3, '1. First, we divide the first': 1, '1. **Divide the first two': 2, '1. First, divide 6 by': 1, '1.79': 2, '1. **Division Calculation:**': 1, '1. **Division**: We start by': 1, '1. **Divide the first digit': 2, '1.76': 1, '1. **Division Setup:**': 1, '1.87': 1, '1. **Division**: First, we': 1, '1. **Division**: \n   \\': 1, '1. **Division Step**:': 1}"
6506 / 3253 = ,2,19,False,19; 19; 1.78; 19; 19; 19; 19; 19; 1.678; 19; 1.94; 19; 1. **Division Step**:; 19; 19; 19; 1.74; 19; 19; 19,19,False,"{'19': 15, '1.78': 1, '1.678': 1, '1.94': 1, '1. **Division Step**:': 1, '1.74': 1}"
6508 / 3254 = ,2,1. **Division Setup**: Begin by,False,1. **Division Step:**; 1. **Division**: We start by; 1; 1. **Division Setup**: We start; 1. **Division Setup:**; 1. **Division**: Perform the division; 1; 1.97; 1. **Division Setup**: We start; 1; 1.79; 1; 1; 1; 1. **Divide**:; 1. **Division Setup:**; 1. **Division**: Start by dividing; 1; 1; 1,1,False,"{'1. **Division Step:**': 1, '1. **Division**: We start by': 1, '1': 9, '1. **Division Setup**: We start': 2, '1. **Division Setup:**': 2, '1. **Division**: Perform the division': 1, '1.97': 1, '1.79': 1, '1. **Divide**:': 1, '1. **Division**: Start by dividing': 1}"
6510 / 3255 = ,2,19,False,"19; 19; 19; 18; 19; 19; 18; 1. **Division Calculation**:; 19; 19; 18; 1. **Identify the problem**:; 1. **Divide**: First,; 18; 19; 19; 1. First, we perform the division; 18; 19; 19",19,False,"{'19': 11, '18': 5, '1. **Division Calculation**:': 1, '1. **Identify the problem**:': 1, '1. **Divide**: First,': 1, '1. First, we perform the division': 1}"
6512 / 3256 = ,2,1. **Division Setup**: Begin by,False,1; 1. **Divide the first digit; 1. **Setup Division**:; 1.64; 1.74; 1. **Divide the first digit; 1. **Division Setup**: Begin by; 1.99; 1; 1.89; 1.68; 1. **Identify the problem**:; 1; 1. **Division Calculation**:; 1.75; 1. **Division Setup**: We start; 1; 1; 1. **Divide the first two; 1. **Divide the first two,1,False,"{'1': 5, '1. **Divide the first digit': 2, '1. **Setup Division**:': 1, '1.64': 1, '1.74': 1, '1. **Division Setup**: Begin by': 1, '1.99': 1, '1.89': 1, '1.68': 1, '1. **Identify the problem**:': 1, '1. **Division Calculation**:': 1, '1.75': 1, '1. **Division Setup**: We start': 1, '1. **Divide the first two': 2}"
6514 / 3257 = ,2,19,False,1; 19; 19; 1. **Identify Divisor and; 19; 19; 1.96; 1. **Division Setup:**; 1.89; 1; 19; 19; 19; 1; 1.99; 1. **Divide the first two; 1. **Division Setup:**; 19; 1; 1.908,19,False,"{'1': 4, '19': 8, '1. **Identify Divisor and': 1, '1.96': 1, '1. **Division Setup:**': 2, '1.89': 1, '1.99': 1, '1. **Divide the first two': 1, '1.908': 1}"
6516 / 3258 = ,2,19,False,19; 19; 19; 19; 19; 19; 19; 19; 19; 19; 19; 19; 19; 19; 19; 19; 19; 19; 19; 19,19,False,{'19': 20}
6518 / 3259 = ,2,1.74,False,"1; 1; 1.74; 1; 1.75; 1; 1.74; 19; 1; 19; 1; 1.75; 1; 1; 1; 1. **Division**: First, perform; 1; 1.745; 1; 1.75",1,False,"{'1': 11, '1.74': 2, '1.75': 3, '19': 2, '1. **Division**: First, perform': 1, '1.745': 1}"
6520 / 3260 = ,2,1.79,False,1.75; 1.79; 1.99; 1.79; 1; 1. **Division Setup:**; 1; 1; 1; 1; 1; 1.99; 1. **Division Setup:**; 1.79; 1.98; 1.8971; 1.85; 1. **Identify the given values; 1.74; 1.94,1,False,"{'1.75': 1, '1.79': 3, '1.99': 2, '1': 6, '1. **Division Setup:**': 2, '1.98': 1, '1.8971': 1, '1.85': 1, '1. **Identify the given values': 1, '1.74': 1, '1.94': 1}"
6522 / 3261 = ,2,1. **Division Setup**: Begin by,False,"1; 1.94; 1. **Initialization**: 
    -; 1. **Divide the first digit; 1; 1. **Division Setup:**; 1. **Divide the first two; 1. **Division**: First, we; 1; 1. Divide the first digit of the; 1. **Divide the first digit; 1. **Identify the dividend and; 1; 1. **Division Step**: Start by; 1; 1; 1. **Identify the problem**:; 1; 1; 1",1,False,"{'1': 9, '1.94': 1, '1. **Initialization**: \n    -': 1, '1. **Divide the first digit': 2, '1. **Division Setup:**': 1, '1. **Divide the first two': 1, '1. **Division**: First, we': 1, '1. Divide the first digit of the': 1, '1. **Identify the dividend and': 1, '1. **Division Step**: Start by': 1, '1. **Identify the problem**:': 1}"
6524 / 3262 = ,2,19,False,"19; 1. **Division by Whole Number:; 1. **Division**: 
   -; 19; 1. **Division Setup**: We start; 1. **Divide the first digit; 19; 1.87; 1.78; 19; 1.907; 19; 19; 19; 19; 19; 1; 19; 1; 1",19,False,"{'19': 10, '1. **Division by Whole Number:': 1, '1. **Division**: \n   -': 1, '1. **Division Setup**: We start': 1, '1. **Divide the first digit': 1, '1.87': 1, '1.78': 1, '1.907': 1, '1': 3}"
6526 / 3263 = ,2,19,False,"19; 19; 19; 19; 19; 19; 19; 19; 19; 19; 1. **Division**: We start by; 19; 19; 19; 19; 19; 19; 19; 1. **Divide**: First,; 19",19,False,"{'19': 18, '1. **Division**: We start by': 1, '1. **Divide**: First,': 1}"
6530 / 3265 = ,2,1. **Division Setup**: We start,False,"19; 1. **Division Setup:**; 1; 1.98; 19; 1. **Initialization**:
   -; 1; 19; 1.94; 19; 19; 1. **Identify the numbers involved; 1. **Division Setup:**; 19; 19; 1. **Divide the first two; 1. **Identify the given numbers; 1.98; 1. **Division**: Start by performing; 1.79",19,False,"{'19': 7, '1. **Division Setup:**': 2, '1': 2, '1.98': 2, '1. **Initialization**:\n   -': 1, '1.94': 1, '1. **Identify the numbers involved': 1, '1. **Divide the first two': 1, '1. **Identify the given numbers': 1, '1. **Division**: Start by performing': 1, '1.79': 1}"
6534 / 3267 = ,2,18,False,19; 19; 1; 19; 1; 1; 18; 19; 1; 19; 1; 18; 1; 1; 19; 18; 18; 1; 18; 18,1,False,"{'19': 6, '1': 8, '18': 6}"
6538 / 3269 = ,2,1. **Division Setup**: We start,False,1. Divide the first digit of the; 1; 1. **Divide the first digit; 1; 1. **Identify the problem:**; 1; 1; 1. **Division Setup**: Begin by; 1; 1.74; 1.74; 1.704; 1. **Division Step:**; 1; 1. **Identify the Dividend; 1; 1; 1.746; 1. **Division Setup**:; 1,1,False,"{'1. Divide the first digit of the': 1, '1': 9, '1. **Divide the first digit': 1, '1. **Identify the problem:**': 1, '1. **Division Setup**: Begin by': 1, '1.74': 2, '1.704': 1, '1. **Division Step:**': 1, '1. **Identify the Dividend': 1, '1.746': 1, '1. **Division Setup**:': 1}"
6546 / 3273 = ,2,19,False,18; 19; 19; 19; 19; 19; 18; 19; 19; 18; 18; 19; 19; 18; 19; 18; 18; 19; 18; 18,19,False,"{'18': 9, '19': 11}"
6553 - 6545 = ,8,10,False,10; 10; 10; 10; 10; 10; 10; 10; 10; 10; 10; 10; 10; 10; 10; 10; 10; 10; 10; 10,10,False,{'10': 20}
6564 / 3282 = ,2,19,False,19; 1; 19; 19; 19; 19; 19; 19; 19; 19; 19; 19; 19; 19; 19; 19; 19; 1; 19; 19,19,False,"{'19': 18, '1': 2}"
6565 - 6556 = ,9,10,False,10; 10; 10; 10; 10; 10; 10; 10; 10; 10; 10; 10; 10; 10; 10; 10; 10; 10; 10; 10,10,False,{'10': 20}
6566 / 3283 = ,2,19,False,19; 19; 19; 19; 19; 19; 19; 19; 19; 19; 19; 19; 19; 19; 19; 19; 19; 19; 19; 19,19,False,{'19': 20}
6570 / 3285 = ,2,19,False,"19; 19; 19; 19; 19; 19; 19; 19; 1. **Division**: First, perform; 19; 19; 19; 1. **Division Setup**:; 1. **Division**: 
   First; 19; 19; 19; 19; 19; 19",19,False,"{'19': 17, '1. **Division**: First, perform': 1, '1. **Division Setup**:': 1, '1. **Division**: \n   First': 1}"
6572 / 3286 = ,2,"1. **Division**: First, we",False,"1; 19; 1; 19; 19; 1. **Division Calculation**:; 1. First, we divide the first; 19; 1. **Initialization**: We start by; 1. First, perform the division:; 19; 1. **Divide the first digit; 19; 1. **Divide the first digit; 1; 19; 1. **Division**: First, we; 1; 1. **Division**: First, perform; 1",19,False,"{'1': 5, '19': 7, '1. **Division Calculation**:': 1, '1. First, we divide the first': 1, '1. **Initialization**: We start by': 1, '1. First, perform the division:': 1, '1. **Divide the first digit': 2, '1. **Division**: First, we': 1, '1. **Division**: First, perform': 1}"
6574 / 3287 = ,2,19,False,19; 19; 19; 19; 19; 19; 1; 19; 19; 1; 19; 1; 19; 19; 1; 19; 19; 19; 19; 19,19,False,"{'19': 16, '1': 4}"
6574 - 6565 = ,9,29,False,29; 29; 29; 29; 29; 29; 29; 29; 29; 29; 29; 29; 29; 29; 29; 29; 29; 29; 29; 29,29,False,{'29': 20}
6610 - 6601 = ,9,10,False,10; 10; 10; 10; 10; 10; 10; 10; 10; 10; 10; 10; 10; 10; 10; 10; 10; 10; 10; 10,10,False,{'10': 20}
6618 - 6611 = ,7,10,False,10; 10; 10; 10; 10; 10; 10; 10; 10; 10; 10; 10; 10; 10; 10; 10; 10; 10; 10; 10,10,False,{'10': 20}
6628 - 6622 = ,6,10,False,10; 10; 10; 10; 10; 10; 10; 10; 10; 10; 10; 10; 10; 10; 10; 10; 10; 10; 10; 10,10,False,{'10': 20}
6653 - 6645 = ,8,10,False,10; 10; 10; 10; 10; 10; 10; 10; 10; 10; 10; 10; 10; 10; 10; 10; 10; 10; 10; 10,10,False,{'10': 20}
6654 - 6645 = ,9,10,False,10; 10; 10; 10; 10; 10; 10; 10; 10; 10; 10; 10; 10; 10; 10; 10; 10; 10; 10; 10,10,False,{'10': 20}
6660 - 6651 = ,9,49,False,49; 49; 49; 49; 49; 49; 49; 49; 49; 49; 49; 49; 49; 49; 49; 49; 49; 49; 49; 49,49,False,{'49': 20}
6660 - 6652 = ,8,48,False,48; 48; 48; 48; 48; 48; 48; 48; 48; 48; 48; 48; 48; 48; 48; 48; 48; 48; 48; 48,48,False,{'48': 20}
6660 - 6653 = ,7,47,False,47; 47; 47; 47; 47; 47; 47; 47; 47; 47; 47; 47; 47; 47; 47; 47; 47; 47; 47; 47,47,False,{'47': 20}
6660 - 6654 = ,6,16,False,16; 16; 16; 16; 16; 16; 56; 16; 56; 56; 56; 56; 56; 16; 56; 16; 56; 16; 56; 56,16,False,"{'16': 10, '56': 10}"
6660 - 6657 = ,3,43,False,43; 43; 13; 13; 93; 13; 13; 13; 93; 13; 93; 13; 43; 93; 43; 43; 13; 43; 43; 43,43,False,"{'43': 8, '13': 8, '93': 4}"
6660 - 6658 = ,2,12,False,12; 12; 12; 12; 12; 12; 12; 12; 12; 12; 12; 12; 12; 12; 12; 12; 12; 12; 12; 12,12,False,{'12': 20}
6660 - 6659 = ,1,11,False,11; 11; 11; 11; 11; 11; 11; 11; 11; 11; 11; 11; 11; 11; 11; 11; 11; 11; 11; 11,11,False,{'11': 20}
6661 - 6652 = ,9,19,False,19; 19; 19; 19; 19; 19; 19; 19; 19; 19; 19; 19; 19; 19; 19; 19; 19; 19; 19; 19,19,False,{'19': 20}
6661 - 6653 = ,8,18,False,18; 18; 18; 18; 18; 18; 18; 18; 18; 18; 18; 18; 18; 18; 18; 18; 18; 18; 18; 18,18,False,{'18': 20}
6661 - 6654 = ,7,17,False,17; 17; 17; 1; 12; 12; 17; 17; 1; 1; 1; 1; 17; 12; 17; 1; 1; 17; 17; 17,17,False,"{'17': 10, '1': 7, '12': 3}"
6661 - 6655 = ,6,16,False,16; 6; 6; 1; 1; 16; 16; 6; 16; 6; 16; 6; 16; 16; 1; 16; 6; 16; 6; 16,16,False,"{'16': 10, '6': 7, '1': 3}"
6661 - 6657 = ,4,64,False,14; 14; 64; 64; 6; 4; 6; 64; 64; 14; 64; 64; 14; 14; 64; 14; 64; 4; 64; 14,64,False,"{'14': 7, '64': 9, '6': 2, '4': 2}"
6661 - 6658 = ,3,73,False,73; 73; 73; 73; 73; 73; 73; 73; 73; 73; 73; 73; 73; 73; 73; 73; 73; 73; 73; 73,73,False,{'73': 20}
6661 - 6659 = ,2,22,False,22; 22; 22; 22; 22; 22; 22; 22; 22; 22; 22; 22; 22; 22; 22; 22; 22; 22; 22; 22,22,False,{'22': 20}
6662 - 6653 = ,9,-91,False,-91; -91; -91; -91; -91; -91; -91; -91; -91; -91; -91; -91; -91; -91; -91; -91; -91; -91; -91; -91,-91,False,{'-91': 20}
6662 - 6654 = ,8,18,False,-92; 18; 18; 18; 18; 18; -92; 18; 18; 18; 18; 18; 18; 18; 18; 18; -92; 18; -92; 18,18,False,"{'-92': 4, '18': 16}"
6662 - 6655 = ,7,17,False,-93; 17; -93; 17; 13; 13; 17; 1; -93; 1; 17; -93; 17; -93; 17; 17; 1; -93; 17; 17,17,False,"{'-93': 6, '17': 9, '13': 2, '1': 3}"
6662 - 6656 = ,6,14,False,14; 10; 10; 14; 14; 10; 14; 10; 10; 10; 14; 14; 14; 14; 10; 10; 10; 10; 10; 14,10,False,"{'14': 9, '10': 11}"
6662 - 6658 = ,4,74,False,74; 74; 14; 14; 74; 14; 74; 14; 74; 14; 14; 14; 14; 74; 74; 74; 74; 14; 14; 74,74,False,"{'74': 10, '14': 10}"
6662 - 6659 = ,3,73,False,73; 73; 73; 73; 73; 73; 73; 73; 73; 73; 73; 73; 73; 73; 73; 73; 73; 73; 73; 73,73,False,{'73': 20}
6663 - 6654 = ,9,12,False,17; 12; 12; 11; 17; 11; -91; 1; -91; 11; 12; -91; 11; -91; 11; 17; 12; -91; 1; -91,-91,False,"{'17': 3, '12': 4, '11': 5, '-91': 6, '1': 2}"
6663 - 6655 = ,8,10,False,10; 10; 10; 10; 10; 10; 10; 10; 10; 10; 10; 10; 10; 10; 18; 10; 10; 10; 18; 10,10,False,"{'10': 18, '18': 2}"
6663 - 6656 = ,7,109,False,19; 19; 19; 10; 14; 10; 109; 10; 10; 109; 10; 14; 109; 19; 109; 109; 14; 14; 14; 109,109,False,"{'19': 4, '10': 5, '14': 5, '109': 6}"
6663 - 6657 = ,6,10,False,12; 14; 12; 10; 14; 14; 10; 12; 12; 14; -94; 10; -94; -94; 10; 14; -94; 12; -94; -94,-94,False,"{'12': 5, '14': 5, '10': 4, '-94': 6}"
6663 - 6658 = ,5,14,False,14; 9; 14; 14; 14; 14; 14; 95; 94; 14; 14; 14; 14; 14; 14; 14; 9; 14; 14; 14,14,False,"{'14': 16, '9': 2, '95': 1, '94': 1}"
6663 - 6659 = ,4,14,False,14; 14; 14; 14; 14; 14; 14; 14; 14; 14; 14; 14; 14; 14; 14; 14; 14; 14; 14; 14,14,False,{'14': 20}
6664 - 6655 = ,9,-11,False,-11; -11; -11; -11; -11; -11; -11; -11; -11; -11; -11; -11; -11; -11; -11; -11; -11; -11; -11; -11,-11,False,{'-11': 20}
6664 - 6656 = ,8,-92,False,-92; -92; -92; -92; -92; -92; -12; -92; -12; -92; -92; -12; -92; -92; -92; -92; -12; -92; -92; -12,-92,False,"{'-92': 15, '-12': 5}"
6664 - 6657 = ,7,-13,False,-13; -13; -13; -93; -13; -13; -13; -13; -13; -13; -13; -13; -13; -13; -13; -13; -13; -13; -13; -13,-13,False,"{'-13': 19, '-93': 1}"
6664 - 6658 = ,6,-14,False,76; 76; -14; 76; -94; -94; 76; 76; 76; 76; -14; -14; 76; -14; -94; -94; 76; -94; -14; -14,76,False,"{'76': 9, '-14': 6, '-94': 5}"
6665 - 6656 = ,9,10,False,10; 10; 10; 10; 10; 10; 10; 10; 10; 10; 10; 10; 10; 10; 10; 10; 10; 10; 10; 10,10,False,{'10': 20}
6665 - 6657 = ,8,18,False,18; 18; 18; 18; 18; 18; 18; 18; 18; 18; 18; 18; 18; 18; 18; 18; 18; 18; 18; 18,18,False,{'18': 20}
6665 - 6658 = ,7,17,False,17; 17; 17; 17; 17; 17; 17; 17; 17; 17; 17; 17; 17; 17; 17; 17; 17; 17; 17; 17,17,False,{'17': 20}
6666 - 6657 = ,9,13,False,13; 13; 13; 13; 13; 13; 13; 13; 13; 13; 13; 13; 13; 13; 13; 13; 13; 13; 13; 13,13,False,{'13': 20}
6666 - 6659 = ,7,17,False,17; 17; 17; 17; 17; 17; 17; 17; 17; 17; 17; 17; 17; 17; 17; 17; 17; 17; 17; 17,17,False,{'17': 20}
6666 - 6661 = ,5,-5,False,-5; -5; -5; -5; -5; -5; -5; -5; -5; -5; -5; -5; -5; -5; -5; -5; -5; -5; -5; -5,-5,False,{'-5': 20}
6667 - 6658 = ,9,19,False,19; 19; 19; 19; 19; 19; 19; 19; 19; 19; 19; 19; 19; 19; 19; 19; 19; 19; 19; 19,19,False,{'19': 20}
6667 - 6659 = ,8,18,False,18; 18; 18; 18; 18; 18; 18; 18; 18; 18; 18; 18; 18; 18; 18; 18; 18; 18; 18; 18,18,False,{'18': 20}
6668 - 6659 = ,9,19,False,19; 19; 19; 19; 19; 19; 19; 19; 19; 19; 19; 19; 19; 19; 19; 19; 19; 19; 19; 19,19,False,{'19': 20}
6676 - 6667 = ,9,10,False,10; 10; 9; 9; 10; 9; 9; 10; 10; 10; 10; 10; 9; 10; 10; 9; 10; 9; 10; 10,10,False,"{'10': 13, '9': 7}"
6704 / 3352 = ,2,19,False,2; 2; 19; 19; 2; 2; 19; 19; 2; 2; 19; 2; 19; 19; 19; 19; 19; 2; 19; 19,19,False,"{'2': 8, '19': 12}"
6706 / 3353 = ,2,19,False,2; 2; 19; 2; 19; 19; 19; 19; 19; 19; 19; 19; 19; 2; 2; 2; 2; 2; 19; 19,19,False,"{'2': 8, '19': 12}"
6708 - 6700 = ,8,10,False,8; 1; 8; 1; 8; 1; 1; 10; 8; 10; 10; 8; 10; 10; 8; 8; 10; 8; 8; 10,8,True,"{'8': 9, '1': 4, '10': 7}"
6710 / 3355 = ,2,19,False,19; 19; 19; 19; 19; 19; 19; 19; 19; 19; 19; 19; 19; 19; 19; 19; 19; 19; 19; 19,19,False,{'19': 20}
6710 - 6701 = ,9,10,False,10; 10; 10; 10; 10; 10; 10; 10; 10; 10; 10; 10; 10; 10; 10; 10; 10; 10; 10; 10,10,False,{'10': 20}
6714 / 3357 = ,2,19,False,19; 2; 19; 19; 19; 2; 2; 1; 19; 1; 19; 1; 19; 2; 19; 19; 2; 2; 1; 19,19,False,"{'19': 10, '2': 6, '1': 4}"
6716 / 3358 = ,2,19,False,19; 19; 19; 19; 19; 19; 19; 19; 19; 19; 19; 19; 19; 19; 19; 19; 19; 19; 19; 19,19,False,{'19': 20}
6718 - 6711 = ,7,10,False,10; 10; 10; 10; 10; 10; 10; 10; 10; 10; 10; 10; 10; 10; 10; 10; 10; 10; 10; 10,10,False,{'10': 20}
6722 / 3361 = ,2,19,False,19; 1; 19; 19; 1; 19; 19; 19; 1; 19; 19; 19; 19; 1; 1; 19; 1; 19; 1; 19,19,False,"{'19': 13, '1': 7}"
6724 / 3362 = ,2,19,False,19; 18; 19; 18; 19; 18; 19; 19; 18; 19; 19; 19; 19; 19; 19; 19; 19; 19; 19; 19,19,False,"{'19': 16, '18': 4}"
6726 / 3363 = ,2,19,False,19; 19; 18; 19; 19; 19; 19; 19; 18; 19; 18; 19; 19; 19; 18; 19; 18; 19; 19; 19,19,False,"{'19': 15, '18': 5}"
6730 / 3365 = ,2,19,False,19; 19; 19; 19; 19; 19; 19; 19; 19; 19; 19; 19; 19; 19; 19; 19; 19; 19; 19; 19,19,False,{'19': 20}
6732 / 3366 = ,2,19,False,1; 1; 19; 1; 1; 19; 19; 1; 19; 1; 19; 1; 1; 1; 1; 19; 1; 1; 19; 19,1,False,"{'1': 12, '19': 8}"
6734 / 3367 = ,2,19,False,19; 1; 1; 19; 19; 1; 19; 19; 19; 19; 19; 19; 19; 19; 19; 1; 19; 19; 19; 1,19,False,"{'19': 15, '1': 5}"
6740 / 3370 = ,2,19,False,19; 19; 19; 19; 19; 19; 19; 19; 19; 19; 19; 19; 1; 1; 1; 19; 19; 19; 19; 1,19,False,"{'19': 16, '1': 4}"
6742 / 3371 = ,2,19,False,19; 19; 19; 1; 19; 1; 1; 19; 1; 19; 19; 1; 19; 19; 1; 1; 19; 19; 19; 1,19,False,"{'19': 12, '1': 8}"
6746 / 3373 = ,2,19,False,19; 19; 19; 19; 19; 19; 19; 19; 19; 19; 19; 19; 19; 19; 19; 19; 19; 19; 19; 19,19,False,{'19': 20}
6748 / 3374 = ,2,19,False,2; 2; 19; 19; 19; 2; 19; 19; 19; 19; 19; 19; 19; 19; 2; 19; 19; 19; 19; 19,19,False,"{'2': 4, '19': 16}"
6753 - 6745 = ,8,10,False,10; 10; 10; 10; 10; 10; 10; 10; 10; 10; 10; 10; 10; 10; 10; 10; 10; 10; 10; 10,10,False,{'10': 20}
6754 - 6745 = ,9,10,False,10; 10; 10; 10; 10; 10; 10; 10; 10; 10; 10; 10; 10; 10; 10; 10; 10; 10; 10; 10,10,False,{'10': 20}
6765 - 6756 = ,9,10,False,10; 10; 10; 10; 10; 10; 10; 10; 10; 10; 10; 10; 10; 10; 10; 10; 10; 10; 10; 10,10,False,{'10': 20}
6770 / 3385 = ,2,19,False,19; 19; 19; 19; 1; 1; 1; 19; 19; 19; 19; 19; 1; 19; 1; 19; 19; 19; 19; 19,19,False,"{'19': 15, '1': 5}"
6772 / 3386 = ,2,19,False,19; 19; 19; 1; 19; 19; 1; 19; 1; 19; 19; 1; 1; 1; 19; 1; 19; 19; 1; 1,19,False,"{'19': 11, '1': 9}"
6774 / 3387 = ,2,19,False,1; 19; 19; 19; 19; 1; 1; 1; 19; 19; 19; 1; 19; 1; 1; 19; 1; 1; 1; 1,1,False,"{'1': 11, '19': 9}"
6775 - 6767 = ,8,10,False,10; 8; 8; 10; 10; 10; 10; 10; 10; 10; 8; 10; 10; 10; 8; 10; 8; 10; 8; 8,10,False,"{'10': 13, '8': 7}"
6776 / 3388 = ,2,19,False,19; 19; 19; 1; 19; 19; 19; 19; 1; 19; 1; 19; 19; 19; 19; 19; 19; 19; 19; 19,19,False,"{'19': 17, '1': 3}"
6776 - 6767 = ,9,10,False,10; 10; 10; 10; 10; 10; 10; 10; 10; 10; 10; 10; 10; 10; 10; 10; 10; 10; 10; 10,10,False,{'10': 20}
6804 / 3402 = ,2,19,False,19; 19; 19; 19; 19; 19; 19; 19; 19; 19; 19; 19; 19; 19; 19; 19; 19; 19; 19; 19,19,False,{'19': 20}
6806 / 3403 = ,2,19,False,19; 1; 19; 19; 19; 19; 19; 19; 19; 19; 19; 1; 19; 19; 19; 1; 1; 19; 19; 1,19,False,"{'19': 15, '1': 5}"
6810 / 3405 = ,2,19,False,19; 19; 19; 19; 19; 19; 19; 19; 19; 19; 19; 19; 19; 19; 19; 19; 19; 19; 19; 19,19,False,{'19': 20}
6812 / 3406 = ,2,19,False,19; 19; 19; 19; 1; 1; 1; 19; 19; 19; 19; 19; 19; 19; 19; 19; 19; 1; 19; 1,19,False,"{'19': 15, '1': 5}"
6814 / 3407 = ,2,19,False,19; 19; 19; 19; 19; 19; 19; 19; 19; 19; 19; 19; 19; 19; 19; 19; 19; 19; 19; 19,19,False,{'19': 20}
6816 / 3408 = ,2,18,False,18; 1; 19; 19; 1; 19; 18; 19; 1; 1; 1; 19; 18; 19; 19; 19; 19; 19; 18; 19,19,False,"{'18': 4, '1': 5, '19': 11}"
6818 / 3409 = ,2,19,False,19; 19; 19; 19; 18; 18; 1; 18; 18; 19; 19; 1; 19; 19; 19; 19; 19; 19; 1; 19,19,False,"{'19': 13, '18': 4, '1': 3}"
6820 / 3410 = ,2,19,False,19; 1; 1; 1; 19; 19; 1; 19; 19; 1; 19; 19; 19; 1; 19; 19; 1; 19; 19; 19,19,False,"{'19': 13, '1': 7}"
6822 / 3411 = ,2,19,False,19; 19; 19; 1; 1; 19; 1; 19; 19; 19; 19; 19; 1; 1; 19; 1; 19; 19; 19; 1,19,False,"{'19': 13, '1': 7}"
6826 / 3413 = ,2,19,False,19; 19; 19; 19; 19; 19; 19; 19; 19; 19; 19; 19; 19; 19; 19; 19; 19; 19; 19; 19,19,False,{'19': 20}
6830 / 3415 = ,2,19,False,1; 19; 19; 1; 1; 19; 19; 19; 19; 19; 19; 19; 1; 1; 19; 1; 1; 1; 19; 19,19,False,"{'1': 8, '19': 12}"
6832 / 3416 = ,2,1. **Division Setup**: Begin by,False,"1; 1. Divide 6832; 19; 1. **Division**: We start by; 19; 1. **Division**: First, we; 19; 1. First, perform the division of; 1. **Division Setup**: Begin by; 1. **Division**: First, we; 1; 1. **Division Calculation:**; 1. **Setup Division**: We need; 1; 1. **Divide the first digit; 1; 1. **Division Setup:**; 19; 1; 19",1,False,"{'1': 5, '1. Divide 6832': 1, '19': 5, '1. **Division**: We start by': 1, '1. **Division**: First, we': 2, '1. First, perform the division of': 1, '1. **Division Setup**: Begin by': 1, '1. **Division Calculation:**': 1, '1. **Setup Division**: We need': 1, '1. **Divide the first digit': 1, '1. **Division Setup:**': 1}"
6836 / 3418 = ,2,19,False,19; 19; 19; 19; 19; 19; 19; 19; 19; 19; 19; 19; 19; 19; 19; 19; 19; 19; 19; 19,19,False,{'19': 20}
6838 / 3419 = ,2,19,False,"19; 19; 1; 1; 19; 19; 1. **Division Step**: First,; 19; 19; 19; 1; 1. **Setup the Division**: We; 1; 1; 1. **Setup Division**:; 19; 1; 19; 19; 19",19,False,"{'19': 11, '1': 6, '1. **Division Step**: First,': 1, '1. **Setup the Division**: We': 1, '1. **Setup Division**:': 1}"
6850 / 3425 = ,2,1. **Division Setup**: Begin by,False,1.79; 1; 1. **Identify the problem**:; 1.97; 1; 1; 1; 1.97; 1; 1; 1. **Division Step**:; 1; 1. **Divide**: Perform the; 1; 1; 1. **Divide the first two; 1; 1. **Division Setup**:; 1. **Division Step**: Start by; 1. **Division Setup:**,1,False,"{'1.79': 1, '1': 10, '1. **Identify the problem**:': 1, '1.97': 2, '1. **Division Step**:': 1, '1. **Divide**: Perform the': 1, '1. **Divide the first two': 1, '1. **Division Setup**:': 1, '1. **Division Step**: Start by': 1, '1. **Division Setup:**': 1}"
6852 - 6845 = ,7,10,False,10; 10; 10; 10; 10; 10; 10; 10; 10; 10; 10; 10; 10; 10; 10; 10; 10; 10; 10; 10,10,False,{'10': 20}
6853 - 6845 = ,8,10,False,10; 10; 10; 10; 10; 10; 10; 10; 10; 10; 10; 10; 10; 10; 10; 10; 10; 10; 10; 10,10,False,{'10': 20}
6854 - 6845 = ,9,10,False,10; 10; 10; 10; 10; 10; 10; 10; 10; 10; 10; 10; 10; 10; 10; 10; 10; 10; 10; 10,10,False,{'10': 20}
6862 / 3431 = ,2,19,False,19; 19; 1; 1; 19; 1; 19; 1; 19; 19; 1; 1; 19; 1; 19; 19; 1; 1; 19; 1,19,False,"{'19': 10, '1': 10}"
6862 - 6854 = ,8,10,False,10; 2; 2; 2; 2; 12; 2; 2; 12; 13; 2; 2; 12; 18; 12; 2; 12; 12; 2; 2,2,False,"{'10': 1, '2': 11, '12': 6, '13': 1, '18': 1}"
6862 - 6856 = ,6,10,False,10; 10; 10; 10; 10; 10; 10; 10; 10; 10; 10; 10; 10; 10; 10; 10; 10; 10; 10; 10,10,False,{'10': 20}
6863 - 6854 = ,9,11,False,11; 11; 11; 11; 11; 11; 11; 11; 11; 11; 11; 11; 11; 11; 11; 11; 11; 11; 11; 11,11,False,{'11': 20}
6863 - 6855 = ,8,10,False,12; 10; 10; 10; 10; 10; 12; 12; 10; 10; 10; 10; 10; 10; 10; 10; 10; 10; 10; 12,10,False,"{'12': 4, '10': 16}"
6864 / 3432 = ,2,19,False,19; 19; 1; 19; 19; 1; 19; 19; 19; 1; 19; 19; 19; 1; 19; 1; 19; 19; 19; 19,19,False,"{'19': 15, '1': 5}"
6865 - 6856 = ,9,10,False,10; 10; 10; 10; 10; 10; 10; 10; 10; 10; 10; 10; 10; 10; 10; 10; 10; 10; 10; 10,10,False,{'10': 20}
6867 - 6858 = ,9,19,False,18; 19; 19; 19; 19; 18; 19; 19; 19; 19; 19; 19; 19; 19; 19; 19; 19; 18; 19; 18,19,False,"{'18': 4, '19': 16}"
6868 / 3434 = ,2,19,False,19; 19; 1; 1; 19; 1; 1; 1; 19; 19; 1; 19; 1; 1; 19; 19; 1; 1; 1; 1,1,False,"{'19': 8, '1': 12}"
6868 - 6859 = ,9,17,False,17; 17; 17; 17; 17; 17; 17; 17; 17; 17; 17; 17; 17; 17; 17; 17; 17; 17; 17; 17,17,False,{'17': 20}
6872 / 3436 = ,2,"1. **Division**: First, we",False,"1. **Division**: First, we; 1; 1. **Divide**: Divide the; 1; 1. **Division**: First, we; 1; 1. **Division Calculation**: First,; 1. Divide the first digit of the; 1. **Identify the numbers involved; 1. **Setup Division**:; 1. **Division**: First, we; 1; 19; 1. **Division**: 
   \; 1; 1. **Divide the first digit; 1. **Division**: First, we; 1. **Divide**: Divide the; 1; 1. **Division**: We start by",1,False,"{'1. **Division**: First, we': 4, '1': 6, '1. **Divide**: Divide the': 2, '1. **Division Calculation**: First,': 1, '1. Divide the first digit of the': 1, '1. **Identify the numbers involved': 1, '1. **Setup Division**:': 1, '19': 1, '1. **Division**: \n   \\': 1, '1. **Divide the first digit': 1, '1. **Division**: We start by': 1}"
6886 / 3443 = ,2,19,False,19; 19; 19; 19; 19; 19; 19; 19; 19; 19; 19; 19; 19; 19; 19; 19; 19; 19; 19; 19,19,False,{'19': 20}
6902 / 3451 = ,2,1. **Division Setup**: Begin by,False,"1; 1. **Divide the first digit; 1.785 (rounded to; 1. **Division Step:** First,; 1. **Division**: Start by performing; 1; 1. **Divide the first digit; 1; 1; 1. Divide 6902; 1. **Division Calculation**:; 1. **Division Setup**: We start; 1. **Division Setup:**; 1; 1; 1. **Division**: Start by dividing; 1. **Divide the first digit; 1; 1; 1",1,False,"{'1': 9, '1. **Divide the first digit': 3, '1.785 (rounded to': 1, '1. **Division Step:** First,': 1, '1. **Division**: Start by performing': 1, '1. Divide 6902': 1, '1. **Division Calculation**:': 1, '1. **Division Setup**: We start': 1, '1. **Division Setup:**': 1, '1. **Division**: Start by dividing': 1}"
6904 / 3452 = ,2,"1. **Division**: First, we",False,"1; 1; 1; 1; 1. **Division Step:**; 1. **Divide the first two; 1. **Division**: We start by; 1. **Divide the first digits; 1. **Divide the first two; 1. **Division Setup:**; 1. Divide both numbers by their greatest; 1. **Division**: 
   \; 1; 1. **Division Setup:**; 1; 1. **Division**: Start by dividing; 1. **Divide**: First,; 1. **Division Setup:**; 1. **Division Calculation**:; 1",1,False,"{'1': 7, '1. **Division Step:**': 1, '1. **Divide the first two': 2, '1. **Division**: We start by': 1, '1. **Divide the first digits': 1, '1. **Division Setup:**': 3, '1. Divide both numbers by their greatest': 1, '1. **Division**: \n   \\': 1, '1. **Division**: Start by dividing': 1, '1. **Divide**: First,': 1, '1. **Division Calculation**:': 1}"
6908 / 3454 = ,2,1. **Division Setup**: Begin by,False,"1; 1. **Divide 6 by; 1. Divide both numbers by their greatest; 1. **Divide the first digits; 1. **Division**: First, we; 1; 1. **Divide the first digit; 1. **Division Step**:; 1. **Division Step-by-Step; 1. **Division Setup**:; 1. **Identify the components of; 1. **Division Setup:**; 1; 1; 1; 1. **Division Step-by-Step; 1. **Division**: First, we; 1; 1. **Identify the problem**:; 1. **Division Step:**",1,False,"{'1': 6, '1. **Divide 6 by': 1, '1. Divide both numbers by their greatest': 1, '1. **Divide the first digits': 1, '1. **Division**: First, we': 2, '1. **Divide the first digit': 1, '1. **Division Step**:': 1, '1. **Division Step-by-Step': 2, '1. **Division Setup**:': 1, '1. **Identify the components of': 1, '1. **Division Setup:**': 1, '1. **Identify the problem**:': 1, '1. **Division Step:**': 1}"
6910 / 3455 = ,2,18,False,18; 18; 18; 1.72; 1. **Division Calculation:**; 1; 1; 18; 1. **Divide 6 by; 18; 1. **Divide the first digit; 1; 1; 1; 1; 1; 1; 18; 1. **Division**: Perform the division; 18,1,False,"{'18': 7, '1.72': 1, '1. **Division Calculation:**': 1, '1': 8, '1. **Divide 6 by': 1, '1. **Divide the first digit': 1, '1. **Division**: Perform the division': 1}"
6910 - 6901 = ,9,10,False,10; 10; 10; 1; 1; 10; 10; 10; 10; 10; 10; 10; 10; 10; 10; 10; 10; 10; 10; 10,10,False,"{'10': 18, '1': 2}"
6912 / 3456 = ,2,1. **Division Setup**: Begin by,False,"1. **Division by 34; 1. **Division**: We start by; 1.75; 1. **Division Setup**: Begin by; 1. **Division Setup:**; 1. **Identify Divisibility; 1. Divide 6912; 1. First, perform the division:; 1. **Divide the first digits; 1. **Divide 6 by; 1. Divide the first digit of the; 1. **Division Setup**:; 1. First, we divide the two; 1. Divide the dividend by the divisor; 1. **Division**: First, we; 1.75; 1. **Divide the first two; 1. Divide the first digit of the; 1. **Divide the first digit; 1. First, divide 6 by",1.75,False,"{'1. **Division by 34': 1, '1. **Division**: We start by': 1, '1.75': 2, '1. **Division Setup**: Begin by': 1, '1. **Division Setup:**': 1, '1. **Identify Divisibility': 1, '1. Divide 6912': 1, '1. First, perform the division:': 1, '1. **Divide the first digits': 1, '1. **Divide 6 by': 1, '1. Divide the first digit of the': 2, '1. **Division Setup**:': 1, '1. First, we divide the two': 1, '1. Divide the dividend by the divisor': 1, '1. **Division**: First, we': 1, '1. **Divide the first two': 1, '1. **Divide the first digit': 1, '1. First, divide 6 by': 1}"
6914 / 3457 = ,2,18,False,18; 18; 1; 18; 1; 18; 1; 18; 1; 1; 18; 18; 1; 18; 18; 18; 1; 1; 1; 18,18,False,"{'18': 11, '1': 9}"
6914 - 6911 = ,3,10,False,10; 10; 0; 10; 2; 2; 0; 10; 2; 0; 2; 10; 2; 0; 0; 10; 10; 0; 10; 2,10,False,"{'10': 8, '0': 6, '2': 6}"
6916 / 3458 = ,2,19,False,19; 19; 19; 19; 19; 19; 19; 19; 19; 19; 19; 19; 19; 19; 19; 19; 19; 19; 19; 19,19,False,{'19': 20}
6918 - 6911 = ,7,10,False,10; 10; 10; 10; 10; 10; 10; 10; 10; 10; 10; 10; 10; 10; 10; 10; 10; 10; 10; 10,10,False,{'10': 20}
6924 / 3462 = ,2,18,False,18; 18; 18; 1; 18; 1; 1; 1; 1; 1; 18; 18; 18; 1; 18; 18; 1; 18; 18; 1,18,False,"{'18': 11, '1': 9}"
6926 / 3463 = ,2,18,False,19; 1; 18; 1; 18; 19; 19; 18; 1; 1; 19; 19; 1; 19; 19; 18; 18; 1; 18; 1,19,False,"{'19': 7, '1': 7, '18': 6}"
6928 / 3464 = ,2,"1. **Division**: First, we",False,"1. **Division Setup:**; 1; 1. **Divide the first digit; 1; 1. **Division Step**: First,; 1; 1; 1. **Division Step**: First,; 1. **Division Step**: First,; 1. **Division Setup:**; 1; 1. **Divide the first digits; 1. **Division Step**:; 1; 1. **Division**: First, we; 1; 1. **Divide the first two; 1. **Division Setup:**; 1; 1. **Divide the first digit",1,False,"{'1. **Division Setup:**': 3, '1': 8, '1. **Divide the first digit': 2, '1. **Division Step**: First,': 3, '1. **Divide the first digits': 1, '1. **Division Step**:': 1, '1. **Division**: First, we': 1, '1. **Divide the first two': 1}"
6930 / 3465 = ,2,"1. **Division**: First, we",False,"1. **Division Setup**: Begin by; 1; 1. **Division Step:**; 1. **Division Setup**:; 1. **Division**: First, we; 1. **Division Setup**: We start; 1. **Divide the first two; 1. Divide both numbers by their greatest; 1. **Division Step**:; 1. **Divide the first two; 1. **Divide the first two; 1. **Division Step**: First,; 1. First, we divide 6; 1. **Division**: We start by; 1; 1; 1; 1. **Division Setup**: Begin by; 1. **Division**: First, we; 1. **Divide the numbers**:",1,False,"{'1. **Division Setup**: Begin by': 2, '1': 4, '1. **Division Step:**': 1, '1. **Division Setup**:': 1, '1. **Division**: First, we': 2, '1. **Division Setup**: We start': 1, '1. **Divide the first two': 3, '1. Divide both numbers by their greatest': 1, '1. **Division Step**:': 1, '1. **Division Step**: First,': 1, '1. First, we divide 6': 1, '1. **Division**: We start by': 1, '1. **Divide the numbers**:': 1}"
6932 / 3466 = ,2,18,False,18; 18; 18; 18; 18; 18; 18; 18; 18; 18; 18; 18; 18; 18; 18; 18; 18; 18; 18; 18,18,False,{'18': 20}
6934 / 3467 = ,2,18,False,18; 18; 18; 1; 1; 18; 18; 18; 18; 18; 18; 1; 1; 18; 18; 18; 18; 1; 18; 18,18,False,"{'18': 15, '1': 5}"
6936 / 3468 = ,2,"1. **Division**: First, we",False,"1. **Division Step**: First,; 1. First, we divide the first; 1. First, we perform the division; 1; 1; 1. **Division Step**:; 1. **Division**: First, we; 1; 1. **Division Setup**:; 1; 1. Divide both numbers by their greatest; 1. First, we perform the division; 1; 1. **Division**: We start by; 1; 1; 1; 1; 1. **Division Setup**: Begin by; 1. First, let's perform the",1,False,"{'1. **Division Step**: First,': 1, '1. First, we divide the first': 1, '1. First, we perform the division': 2, '1': 9, '1. **Division Step**:': 1, '1. **Division**: First, we': 1, '1. **Division Setup**:': 1, '1. Divide both numbers by their greatest': 1, '1. **Division**: We start by': 1, '1. **Division Setup**: Begin by': 1, ""1. First, let's perform the"": 1}"
6938 / 3469 = ,2,1. **Division Setup**: Begin by,False,"1.57; 1. **Division Step-by-Step; 1. **Divide the first digit; 1; 1; 1. **Division**: First, we; 1; 1. **Identify the problem:**; 1; 1; 1. **Divide**: First,; 1; 1. **Divide the first two; 1. Divide \( 693; 1. **Identify the problem**:; 1. Divide 6938; 1. **Divide the first digit; 1. **Division**: We start by; 1; 1. **Identify Divisibility",1,False,"{'1.57': 1, '1. **Division Step-by-Step': 1, '1. **Divide the first digit': 2, '1': 7, '1. **Division**: First, we': 1, '1. **Identify the problem:**': 1, '1. **Divide**: First,': 1, '1. **Divide the first two': 1, '1. Divide \\( 693': 1, '1. **Identify the problem**:': 1, '1. Divide 6938': 1, '1. **Division**: We start by': 1, '1. **Identify Divisibility': 1}"
6946 / 3473 = ,2,18,False,18; 19; 19; 18; 18; 1; 19; 18; 19; 19; 18; 18; 18; 19; 1; 1; 18; 18; 19; 18,18,False,"{'18': 10, '19': 7, '1': 3}"
6950 / 3475 = ,2,"1. **Division**: First, we",False,"1. **Division**: We start by; 1. **Division Calculation:**; 1. **Division Calculation**:; 1. **Divide the first two; 1. **Division Step**: First,; 1.69; 1. Divide 6950; 1. **Divide the first digit; 1. **Divide**: First,; 1.83; 1. **Division**: Perform the division; 1. **Division Setup**: Begin by; 1. **Divide**: First,; 1. **Division Calculation:**; 1.628; 1. Divide 6950; 1. **Division**: We start by; 1. **Division Step**:; 1. **Division**: 
   \; 1. **Division Setup:**",1. **Division**: We start by,False,"{'1. **Division**: We start by': 2, '1. **Division Calculation:**': 2, '1. **Division Calculation**:': 1, '1. **Divide the first two': 1, '1. **Division Step**: First,': 1, '1.69': 1, '1. Divide 6950': 2, '1. **Divide the first digit': 1, '1. **Divide**: First,': 2, '1.83': 1, '1. **Division**: Perform the division': 1, '1. **Division Setup**: Begin by': 1, '1.628': 1, '1. **Division Step**:': 1, '1. **Division**: \n   \\': 1, '1. **Division Setup:**': 1}"
6952 / 3476 = ,2,"1. **Division**: First, we",False,"1. **Divide the first two; 1. **Division Setup**: We start; 1. Divide the first digit of the; 1. **Division Setup**: We start; 1. **Division**: 
   -; 1. **Division**: 
   -; 1. **Division Setup**:; 1. **Division Step**: Begin by; 1. Divide: \( \frac{; 1. **Division Calculation:**; 1. **Division Setup**: We start; 1. **Division Step**: We start; 1. **Division Calculation**: First,; 1. **Division**: 
   -; 1. **Identify the problem**:; 1. **Division**: First, we; 1. **Division Step**: First,; 1. Divide the first digit of the; 1. **Division Calculation:**; 1. **Division Step:**",1. **Division Setup**: We start,False,"{'1. **Divide the first two': 1, '1. **Division Setup**: We start': 3, '1. Divide the first digit of the': 2, '1. **Division**: \n   -': 3, '1. **Division Setup**:': 1, '1. **Division Step**: Begin by': 1, '1. Divide: \\( \\frac{': 1, '1. **Division Calculation:**': 2, '1. **Division Step**: We start': 1, '1. **Division Calculation**: First,': 1, '1. **Identify the problem**:': 1, '1. **Division**: First, we': 1, '1. **Division Step**: First,': 1, '1. **Division Step:**': 1}"
6953 - 6945 = ,8,10,False,10; 10; 10; 10; 10; 10; 10; 10; 10; 10; 10; 10; 10; 10; 10; 10; 10; 10; 10; 10,10,False,{'10': 20}
6954 / 3477 = ,2,18,False,18; 18; 19; 1; 1; 19; 18; 18; 1; 18; 19; 18; 18; 18; 18; 18; 18; 18; 18; 18,18,False,"{'18': 14, '19': 3, '1': 3}"
6954 - 6945 = ,9,10,False,10; 10; 10; 10; 10; 10; 10; 10; 10; 10; 10; 10; 10; 10; 10; 10; 10; 10; 10; 10,10,False,{'10': 20}
6956 / 3478 = ,2,1. **Division Setup**: We start,False,"19; 19; 1. **Identify the problem:**; 1. **Divide**: Divide the; 1. **Divide**: Divide the; 1. **Division Setup:**; 1. **Divide**: Divide; 1. **Divide the first two; 1. **Divide the first digit; 19; 1. **Identify the given values; 1. **Division Setup**: Begin by; 1; 1; 1. **Division Setup:**; 1; 1. **Identify the numbers involved; 1. **Division**: 
   -; 19; 1. **Division**: First, perform",19,False,"{'19': 4, '1. **Identify the problem:**': 1, '1. **Divide**: Divide the': 2, '1. **Division Setup:**': 2, '1. **Divide**: Divide': 1, '1. **Divide the first two': 1, '1. **Divide the first digit': 1, '1. **Identify the given values': 1, '1. **Division Setup**: Begin by': 1, '1': 3, '1. **Identify the numbers involved': 1, '1. **Division**: \n   -': 1, '1. **Division**: First, perform': 1}"
6958 / 3479 = ,2,1. **Division Setup**: We start,False,"1. **Divide the first digit; 1. Divide 6958; 1; 1. **Division**: We start by; 1; 1; 1. **Division**: 
   -; 1. **Division Setup:**; 1. **Divide the first digits; 1. **Divide the first digit; 1. **Divide the first digits; 1; 1. **Division**: We start by; 1. **Division Setup**: Begin by; 1. **Divide**: First,; 1. Divide 6958; 1. **Division**: First, we; 1. **Division Setup:**; 1; 1. **Division**: 
   We",1,False,"{'1. **Divide the first digit': 2, '1. Divide 6958': 2, '1': 5, '1. **Division**: We start by': 2, '1. **Division**: \n   -': 1, '1. **Division Setup:**': 2, '1. **Divide the first digits': 2, '1. **Division Setup**: Begin by': 1, '1. **Divide**: First,': 1, '1. **Division**: First, we': 1, '1. **Division**: \n   We': 1}"
6962 / 3481 = ,2,1. **Division Setup**: Begin by,False,"1; 1.5; 1; 1; 1; 1. **Division Setup**:; 1. **Division**: First, perform; 1. **Division**: We start by; 1. **Identify the problem**:; 1. **Division Setup**:; 1. **Divide the first two; 1; 1. **Division Setup**: We start; 1. **Division Step-by-Step; 1. **Division Calculation:**; 1; 1. Divide 6962; 1. **Division Setup**: Begin by; 1; 1",1,False,"{'1': 8, '1.5': 1, '1. **Division Setup**:': 2, '1. **Division**: First, perform': 1, '1. **Division**: We start by': 1, '1. **Identify the problem**:': 1, '1. **Divide the first two': 1, '1. **Division Setup**: We start': 1, '1. **Division Step-by-Step': 1, '1. **Division Calculation:**': 1, '1. Divide 6962': 1, '1. **Division Setup**: Begin by': 1}"
6964 / 3482 = ,2,1. **Division Setup**: Begin by,False,"1.5; 1; 1.5; 1. **Division Setup**: We start; 1. **Identify the Divisor; 1; 1.5; 1. **Divide the first two; 1. **Division Setup:**; 1. **Division**: We start by; 1. Divide the first digit of the; 1; 1.5; 1. Divide \(6964; 1; 1. **Division**: 
   To; 1. **Divide the numbers:; 1. **Division Step:**; 1; 1. **Identify the problem**:",1,False,"{'1.5': 4, '1': 5, '1. **Division Setup**: We start': 1, '1. **Identify the Divisor': 1, '1. **Divide the first two': 1, '1. **Division Setup:**': 1, '1. **Division**: We start by': 1, '1. Divide the first digit of the': 1, '1. Divide \\(6964': 1, '1. **Division**: \n   To': 1, '1. **Divide the numbers:': 1, '1. **Division Step:**': 1, '1. **Identify the problem**:': 1}"
6964 - 6956 = ,8,10,False,8; 10; 10; 10; 10; 10; 10; 8; 10; 10; 8; 10; 10; 10; 10; 10; 10; 10; 8; 8,10,False,"{'8': 5, '10': 15}"
6965 - 6956 = ,9,10,False,10; 10; 10; 10; 10; 10; 10; 10; 10; 10; 10; 10; 10; 10; 10; 10; 10; 10; 10; 10,10,False,{'10': 20}
6970 / 3485 = ,2,1. **Division Setup**: We start,False,"1. **Setup the Problem:**; 1. **Divide the first two; 1; 1. Divide 6970; 1. **Division**: We start by; 1. **Setup Division**: We start; 1. **Division Calculation:**; 1. **Divide**: First,; 1. **Division Setup:**; 1. **Division**: First, we; 1. **Division Calculation:**; 1; 1.62; 1. **Division Setup:**; 1; 1; 1; 1; 1. Divide 6970; 1. **Division Setup:**",1,False,"{'1. **Setup the Problem:**': 1, '1. **Divide the first two': 1, '1': 6, '1. Divide 6970': 2, '1. **Division**: We start by': 1, '1. **Setup Division**: We start': 1, '1. **Division Calculation:**': 2, '1. **Divide**: First,': 1, '1. **Division Setup:**': 3, '1. **Division**: First, we': 1, '1.62': 1}"
6972 / 3486 = ,2,"1. **Division**: First, we",False,"19; 1. **Division**: We start by; 1. **Division Calculation**:; 1. **Divide the first digit; 1. **Division Setup:**; 1. Divide 6972; 1. Divide 6972; 1; 1. **Divide the first two; 1; 19; 1. **Divide**: First,; 1; 1. First, perform long division of; 19; 1. **Division Setup**: Begin by; 1. **Divide the first digit; 19; 1. **Division Calculation**:; 1",19,False,"{'19': 4, '1. **Division**: We start by': 1, '1. **Division Calculation**:': 2, '1. **Divide the first digit': 2, '1. **Division Setup:**': 1, '1. Divide 6972': 2, '1': 4, '1. **Divide the first two': 1, '1. **Divide**: First,': 1, '1. First, perform long division of': 1, '1. **Division Setup**: Begin by': 1}"
6974 / 3487 = ,2,"1. **Division**: First, we",False,"1. **Divide the first digits; 1. **Division Step**: Begin by; 1; 1. **Divide the first digit; 1; 1. **Division Setup**: Begin by; 1. **Division**: Start by performing; 1. **Divide the first digit; 1. **Division Setup**: We start; 1. **Initialization**:
   -; 1; 1; 1. **Division**: 
   -; 1. **Divide the first digit; 1. **Divide**: First,; 1. **Divide**: First,; 1; 1; 1.5; 1. **Divide the first digit",1,False,"{'1. **Divide the first digits': 1, '1. **Division Step**: Begin by': 1, '1': 6, '1. **Divide the first digit': 4, '1. **Division Setup**: Begin by': 1, '1. **Division**: Start by performing': 1, '1. **Division Setup**: We start': 1, '1. **Initialization**:\n   -': 1, '1. **Division**: \n   -': 1, '1. **Divide**: First,': 2, '1.5': 1}"
6976 / 3488 = ,2,"1. **Division**: First, we",False,"1. First, we need to divide; 1. **Division Step**: Start by; 1. Divide the first two digits of; 1. **Divide the first digits; 1. First, we perform long division; 1. **Division**: 
   \; 1; 1. Divide 6976; 1.5; 1. **Divide the numbers:; 1; 1. Divide \(6976; 1. **Divide the numbers:; 1. **Division**: First, perform; 1. **Division**: First, we; 1. **Division**: 
   \; 1. **Divide the first digit; 1. **Divide the numbers:; 1. First, we perform the division; 1. **Divide the first two",1. **Divide the numbers:,False,"{'1. First, we need to divide': 1, '1. **Division Step**: Start by': 1, '1. Divide the first two digits of': 1, '1. **Divide the first digits': 1, '1. First, we perform long division': 1, '1. **Division**: \n   \\': 2, '1': 2, '1. Divide 6976': 1, '1.5': 1, '1. **Divide the numbers:': 3, '1. Divide \\(6976': 1, '1. **Division**: First, perform': 1, '1. **Division**: First, we': 1, '1. **Divide the first digit': 1, '1. First, we perform the division': 1, '1. **Divide the first two': 1}"
6976 - 6967 = ,9,10,False,10; 10; 10; 10; 10; 10; 10; 10; 10; 10; 10; 10; 10; 10; 10; 10; 10; 10; 10; 10,10,False,{'10': 20}
6978 / 3489 = ,2,"1. **Division**: First, we",False,"1. **Division Setup**: We start; 1; 1; 1. **Divide the first two; 1. **Division**: First, we; 1. **Initialization**: Start by initializing; 1. **Divide the first digits; 1. **Division**: We start by; 1. **Divide the first digit; 1. **Division**: Start by performing; 1; 1; 1; 1; 1; 1. **Identify the problem**:; 1. **Division Setup**: We start; 1. **Division Setup:**; 1; 1. **Division**: First, we",1,False,"{'1. **Division Setup**: We start': 2, '1': 8, '1. **Divide the first two': 1, '1. **Division**: First, we': 2, '1. **Initialization**: Start by initializing': 1, '1. **Divide the first digits': 1, '1. **Division**: We start by': 1, '1. **Divide the first digit': 1, '1. **Division**: Start by performing': 1, '1. **Identify the problem**:': 1, '1. **Division Setup:**': 1}"
6979 / 997 = ,7,71,False,71; 71; 71; 71; 71; 71; 71; 73; 70; 71; 71; 70; 70; 73; 70; 71; 71; 71; 71; 71,71,False,"{'71': 14, '73': 2, '70': 4}"
6982 / 3491 = ,2,"1. **Division**: First, we",False,"1. **Division Setup**: Begin by; 1. **Division**: First, we; 1; 1; 1.57 (rounded to two; 1; 1; 1. **Division Setup:**; 1; 1; 1. Divide 6982; 1. **Divide the first digits; 1. **Divide**: First,; 1. **Division Setup**:; 1; 1. **Division**: First, we; 1.5997; 1; 1. **Division Calculation**:; 1. **Division Setup**: Begin by",1,False,"{'1. **Division Setup**: Begin by': 2, '1. **Division**: First, we': 2, '1': 8, '1.57 (rounded to two': 1, '1. **Division Setup:**': 1, '1. Divide 6982': 1, '1. **Divide the first digits': 1, '1. **Divide**: First,': 1, '1. **Division Setup**:': 1, '1.5997': 1, '1. **Division Calculation**:': 1}"
6988 / 3494 = ,2,"1. **Division**: First, we",False,"1; 1. **Identify the problem**:; 1. **Division Setup**: Begin by; 1; 1. **Divide the first two; 1. Divide 6988; 1; 1; 1. **Division**: First, we; 1; 1. **Division Calculation:**; 1; 1. **Identify the components of; 1; 1; 1; 1. **Division Setup:**; 1. **Division Step**: First,; 1; 1",1,False,"{'1': 11, '1. **Identify the problem**:': 1, '1. **Division Setup**: Begin by': 1, '1. **Divide the first two': 1, '1. Divide 6988': 1, '1. **Division**: First, we': 1, '1. **Division Calculation:**': 1, '1. **Identify the components of': 1, '1. **Division Setup:**': 1, '1. **Division Step**: First,': 1}"
6992 / 3496 = ,2,"1. **Division**: First, we",False,"1. **Divide the first digit; 1. **Division Setup**: Begin by; 1. **Divide**: First,; 1; 1. **Divide the first digit; 1. **Divide the first digit; 1. Divide the first digit of the; 1; 1; 1. **Division**: We start by; 1. **Divide the first digits; 1. **Division**: We start by; 1; 1.5; 1. **Division**: First, we; 1. **Division**: We start by; 1. **Division**: First, we; 1. **Division Setup:**; 1. **Divide the first digit; 1. **Division**: We start by",1. **Divide the first digit,False,"{'1. **Divide the first digit': 4, '1. **Division Setup**: Begin by': 1, '1. **Divide**: First,': 1, '1': 4, '1. Divide the first digit of the': 1, '1. **Division**: We start by': 4, '1. **Divide the first digits': 1, '1.5': 1, '1. **Division**: First, we': 2, '1. **Division Setup:**': 1}"
6993 / 777 = ,9,93,False,93; 93; 93; 93; 93; 93; 93; 93; 93; 93; 93; 93; 93; 93; 93; 92; 93; 93; 93; 93,93,False,"{'93': 19, '92': 1}"
6996 / 3498 = ,2,1. **Division Setup**: Begin by,False,"1; 1; 1; 1. **Divide the first digit; 1. **Divide the first digit; 1. **Division Setup**: We start; 1. **Division Calculation**:; 1.5; 1. **Division Setup:**; 1. **Identify the numbers**:; 1.5; 1. **Division Calculation**:; 1. **Division**: First, we; 1.5; 1; 1. **Division Calculation**:; 1; 1; 1. First, let's divide; 1",1,False,"{'1': 7, '1. **Divide the first digit': 2, '1. **Division Setup**: We start': 1, '1. **Division Calculation**:': 3, '1.5': 3, '1. **Division Setup:**': 1, '1. **Identify the numbers**:': 1, '1. **Division**: First, we': 1, ""1. First, let's divide"": 1}"
6998 / 3499 = ,2,1. **Division Setup**: Begin by,False,"1; 1. **Divide the numbers**:; 1; 1. **Divide the first digits; 1.5207; 1. **Division**: Start by performing; 1; 1.525; 1. **Divide the first two; 1.5; 1.575; 1.5; 1; 1. **Division**: First, we; 1. **Division Calculation:**; 1. **Division Setup**: We start; 1. **Divide the first two; 1.705; 1.705; 1. **Division Setup:**",1,False,"{'1': 4, '1. **Divide the numbers**:': 1, '1. **Divide the first digits': 1, '1.5207': 1, '1. **Division**: Start by performing': 1, '1.525': 1, '1. **Divide the first two': 2, '1.5': 2, '1.575': 1, '1. **Division**: First, we': 1, '1. **Division Calculation:**': 1, '1. **Division Setup**: We start': 1, '1.705': 2, '1. **Division Setup:**': 1}"
6998 - 6989 = ,9,10,False,10; 10; 10; 10; 10; 10; 10; 10; 10; 10; 10; 10; 10; 10; 10; 10; 10; 10; 10; 10,10,False,{'10': 20}
7000 / 7000 = ,1,10,False,10; 10; 10; 1; 10; 10; 10; 10; 1; 1; 10; 1; 10; 10; 1; 10; 10; 10; 10; 1,10,False,"{'10': 14, '1': 6}"
7006 / 3503 = ,2,19,False,19; 1; 2; 2; 19; 2; 19; 2; 19; 19; 2; 19; 2; 19; 19; 2; 19; 2; 2; 19,19,False,"{'19': 10, '1': 1, '2': 9}"
7010 - 7001 = ,9,10,False,10; 10; 10; 10; 10; 10; 10; 10; 10; 10; 10; 10; 10; 10; 10; 10; 10; 10; 10; 10,10,False,{'10': 20}
7010 / 7010 = ,1,10,False,10; 10; 1; 1; 1; 1; 1; 10; 1; 10; 10; 10; 1; 1; 10; 1; 10; 10; 1; 10,10,False,"{'10': 10, '1': 10}"
7012 / 3506 = ,2,19,False,19; 2; 2; 2; 19; 19; 19; 2; 19; 2; 19; 19; 19; 19; 19; 19; 19; 2; 19; 19,19,False,"{'19': 14, '2': 6}"
7014 - 7011 = ,3,10,False,10; 10; 10; 10; 10; 10; 10; 10; 10; 10; 10; 10; 10; 10; 10; 10; 10; 10; 10; 10,10,False,{'10': 20}
7016 - 7011 = ,5,10,False,10; 10; 10; 10; 10; 10; 10; 10; 10; 10; 10; 10; 10; 10; 10; 10; 10; 10; 10; 10,10,False,{'10': 20}
7020 - 7012 = ,8,10,False,10; 10; 10; 10; 10; 10; 10; 10; 10; 10; 10; 10; 10; 10; 10; 10; 10; 10; 10; 10,10,False,{'10': 20}
7020 / 7020 = ,1,10,False,10; 10; 1; 10; 10; 1; 10; 10; 10; 1; 1; 1; 10; 10; 10; 1; 10; 10; 10; 10,10,False,"{'10': 14, '1': 6}"
7028 - 7022 = ,6,10,False,10; 10; 10; 10; 10; 10; 10; 10; 10; 10; 10; 10; 10; 10; 10; 10; 10; 10; 10; 10,10,False,{'10': 20}
7042 - 7034 = ,8,10,False,10; 10; 10; 10; 10; 10; 10; 10; 10; 10; 10; 10; 10; 10; 10; 10; 10; 10; 10; 10,10,False,{'10': 20}
7070 / 7070 = ,1,10,False,10; 10; 10; 10; 10; 10; 10; 10; 10; 10; 10; 10; 10; 10; 10; 10; 10; 10; 10; 10,10,False,{'10': 20}
7076 - 7067 = ,9,10,False,1; 10; 1; 10; 10; 1; 1; 1; 10; 1; 1; 1; 10; 10; 1; 10; 10; 1; 1; 10,1,False,"{'1': 11, '10': 9}"
7077 / 2359 = ,3,28,False,28; 29; 28; 28; 28; 29; 2; 28; 28; 29; 28; 28; 29; 28; 28; 28; 28; 28; 2; 28,28,False,"{'28': 14, '29': 4, '2': 2}"
7086 / 2362 = ,3,29,False,29; 29; 3; 29; 29; 29; 29; 29; 29; 3; 29; 29; 29; 3; 29; 3; 3; 3; 29; 29,29,False,"{'29': 14, '3': 6}"
7116 / 2372 = ,3,30,False,30; 30; 30; 30; 30; 30; 30; 30; 30; 30; 30; 30; 30; 30; 30; 30; 30; 30; 30; 30,30,False,{'30': 20}
7116 / 3558 = ,2,20,False,20; 20; 20; 20; 20; 20; 20; 20; 20; 20; 20; 20; 20; 20; 20; 20; 20; 20; 20; 20,20,False,{'20': 20}
7116 - 7111 = ,5,10,False,10; 2; 10; 10; 10; 10; 10; 2; 10; 1; 2; 10; 10; 10; 2; 10; 2; 10; 2; 10,10,False,"{'10': 13, '2': 6, '1': 1}"
7117 / 7117 = ,1,10254,False,1; 1; 1; 10254; 10254; 1025; 10253; 10254; 10254; 10254; 10254; 10254; 1; 1; 10254; 10254; 10254; 10254; 10254; 1025,10254,False,"{'1': 5, '10254': 12, '1025': 2, '10253': 1}"
7118 - 7111 = ,7,10,False,10; 10; 10; 10; 10; 10; 10; 10; 10; 10; 10; 10; 10; 10; 10; 10; 10; 10; 10; 10,10,False,{'10': 20}
7124 / 3562 = ,2,20,False,20; 2; 2; 2; 2; 20; 2; 20; 20; 2; 2; 2; 2; 2; 20; 20; 20; 20; 20; 20,20,False,"{'20': 10, '2': 10}"
7132 - 7123 = ,9,10,False,10; 10; 10; 10; 10; 10; 10; 10; 10; 10; 10; 10; 10; 10; 10; 10; 10; 10; 10; 10,10,False,{'10': 20}
7133 / 7133 = ,1,1029,False,1029; 1; 1; 1; 1; 1029.04; 1029.04; 1026; 1029; 1; 1029; 1029.999; 1029; 1029.05; 1026; 1026; 10269; 1; 1029; 1029,1029,False,"{'1029': 6, '1': 6, '1029.04': 2, '1026': 3, '1029.999': 1, '1029.05': 1, '10269': 1}"
7159 / 7159 = ,1,103,False,1; 103; 103.03; 103.0246; 10; 1; 1; 1; 103.0245; 10; 1; 1; 1; 1; 10; 1; 10302; 1; 103.28; 103.2,1,True,"{'1': 10, '103': 1, '103.03': 1, '103.0246': 1, '10': 3, '103.0245': 1, '10302': 1, '103.28': 1, '103.2': 1}"
7171 / 7171 = ,1,10,False,10; 10; 10; 10; 10; 10; 10342; 10; 10; 10; 10342; 10; 10; 10; 10; 10; 10; 10; 10; 10342,10,False,"{'10': 17, '10342': 3}"
7172 / 3586 = ,2,20,False,20; 2; 2; 2; 20; 20; 20; 20; 20; 20; 20; 20; 20; 20; 2; 2; 20; 20; 20; 20,20,False,"{'20': 15, '2': 5}"
7173 / 7173 = ,1,1000,False,1; 1; 1024; 1024; 105.046; 1; 1; 1001; 1; 1002; 1; 1051; 1; 105; 1002; 102.9999; 10; 1001; 1; 1024,1,True,"{'1': 8, '1024': 3, '105.046': 1, '1001': 2, '1002': 2, '1051': 1, '105': 1, '102.9999': 1, '10': 1}"
7175 / 7175 = ,1,103,False,1; 103; 10349; 10; 1; 1; 1034; 1; 1; 1; 103; 1; 1; 1; 1034; 103; 103; 103; 10; 1,1,True,"{'1': 10, '103': 5, '10349': 1, '10': 2, '1034': 2}"
7177 / 7177 = ,1,10,False,1; 10; 1; 1; 10; 10; 10; 1; 1; 10; 1; 1; 10; 10; 10; 10; 1; 1; 10; 1,1,True,"{'1': 10, '10': 10}"
7179 / 7179 = ,1,10,False,10; 10; 10; 1035; 1; 1038.25; 1035; 10365; 10; 10; 10; 10; 10; 10; 10000; 10; 1; 1004; 10386; 1,10,False,"{'10': 10, '1035': 2, '1': 3, '1038.25': 1, '10365': 1, '10000': 1, '1004': 1, '10386': 1}"
7185 / 7185 = ,1,1034,False,1; 1; 103.0696; 103; 103.29; 10303; 1; 1032; 10304; 1; 1; 10; 1; 10; 1; 10; 1; 1; 1; 10304,1,True,"{'1': 10, '103.0696': 1, '103': 1, '103.29': 1, '10303': 1, '1032': 1, '10304': 2, '10': 3}"
7189 / 7189 = ,1,10,False,10; 10; 1; 1032; 1032; 1; 1034; 1; 10; 10; 1038; 10; 1; 10; 1; 1; 1032; 1035; 10; 10,10,False,"{'10': 8, '1': 6, '1032': 3, '1034': 1, '1038': 1, '1035': 1}"
7191 / 799 = ,9,93,False,9; 93; 93; 93; 93; 91; 93; 92; 9; 9; 93; 91; 9; 93; 93; 92; 9; 91; 92; 91,93,False,"{'9': 5, '93': 8, '91': 4, '92': 3}"
7191 / 7191 = ,1,10382,False,1; 1; 1; 10382; 1038; 1002; 1; 1; 1000; 10000; 10382; 1; 1038; 1; 1; 1; 1; 1; 10382; 1000,1,True,"{'1': 11, '10382': 3, '1038': 2, '1002': 1, '1000': 2, '10000': 1}"
7193 / 7193 = ,1,10000,False,10000; 1; 1002; 1; 10000; 10386; 10386; 1; 10386; 1; 10000; 1000; 1; 10000; 1000; 1000; 1008; 10386; 10000; 1002,10000,False,"{'10000': 5, '1': 5, '1002': 2, '10386': 4, '1000': 3, '1008': 1}"
7195 / 7195 = ,1,1038.642,False,1038.62; 1038.646; 1; 1038.42; 1038.24; 1; 1038.624; 1038; 1038.4; 1038; 1; 1038; 1038.624; 1038.4; 1038; 1; 1038.6; 1; 1038.642; 1,1,True,"{'1038.62': 1, '1038.646': 1, '1': 6, '1038.42': 1, '1038.24': 1, '1038.624': 2, '1038': 4, '1038.4': 2, '1038.6': 1, '1038.642': 1}"
7197 / 7197 = ,1,10384,False,1; 1; 10; 10386; 10386; 10394; 10394; 10000; 1; 10394; 10384; 1; 10; 10; 10000; 10; 1; 10000; 1; 10000,1,True,"{'1': 6, '10': 4, '10386': 2, '10394': 3, '10000': 4, '10384': 1}"
7204 - 7195 = ,9,59,False,59; 59; 59; 59; 59; 5; 5; 59; 59; 59; 5; 59; 5; 5; 5; 59; 59; 5; 59; 59,59,False,"{'59': 13, '5': 7}"
7205 - 7196 = ,9,89,False,89; 89; 89; 89; 89; 89; 89; 89; 89; 89; 89; 89; 89; 89; 89; 89; 89; 89; 89; 89,89,False,{'89': 20}
7205 - 7198 = ,7,67,False,6; 6; 67; 6; 6; 6; 67; 67; 67; 67; 67; 67; 6; 67; 67; 67; 67; 6; 6; 67,67,False,"{'6': 8, '67': 12}"
7208 - 7199 = ,9,19,False,19; 19; 19; 19; 19; 19; 19; 19; 19; 19; 19; 19; 19; 19; 19; 19; 19; 19; 19; 19,19,False,{'19': 20}
7214 / 3607 = ,2,20,False,19; 20; 2; 20; 20; 20; 20; 19; 20; 19; 20; 19; 20; 19; 20; 19; 19; 20; 19; 20,20,False,"{'19': 8, '20': 11, '2': 1}"
7214 - 7211 = ,3,10,False,10; 10; 10; 10; 10; 10; 10; 10; 10; 10; 10; 10; 10; 10; 10; 10; 10; 10; 10; 10,10,False,{'10': 20}
7215 - 7211 = ,4,10,False,10; 10; 10; 10; 10; 10; 10; 10; 10; 10; 10; 10; 10; 10; 10; 10; 10; 10; 10; 10,10,False,{'10': 20}
7216 / 3608 = ,2,19,False,19; 19; 19; 19; 19; 19; 19; 19; 19; 19; 19; 19; 19; 19; 19; 19; 19; 19; 19; 19,19,False,{'19': 20}
7216 - 7211 = ,5,10,False,10; 10; 10; 10; 10; 10; 10; 10; 10; 10; 10; 10; 10; 10; 10; 10; 10; 10; 10; 10,10,False,{'10': 20}
7218 - 7211 = ,7,10,False,10; 10; 10; 10; 10; 10; 10; 10; 10; 10; 10; 10; 10; 10; 10; 10; 10; 10; 10; 10,10,False,{'10': 20}
7219 - 7211 = ,8,10,False,10; 10; 10; 10; 10; 10; 10; 10; 10; 10; 10; 10; 10; 10; 10; 10; 10; 10; 10; 10,10,False,{'10': 20}
7232 - 7223 = ,9,10,False,10; 10; 10; 10; 10; 10; 10; 10; 10; 10; 10; 10; 10; 10; 10; 10; 10; 10; 10; 10,10,False,{'10': 20}
7242 - 7234 = ,8,10,False,10; 10; 10; 10; 10; 10; 10; 10; 10; 10; 10; 10; 10; 10; 10; 10; 10; 10; 10; 10,10,False,{'10': 20}
7253 - 7245 = ,8,10,False,10; 10; 10; 10; 10; 10; 10; 10; 10; 10; 10; 10; 10; 10; 10; 10; 10; 10; 10; 10,10,False,{'10': 20}
7254 - 7245 = ,9,10,False,10; 10; 10; 10; 10; 10; 10; 10; 10; 10; 10; 10; 10; 10; 10; 10; 10; 10; 10; 10,10,False,{'10': 20}
7256 / 3628 = ,2,20,False,20; 20; 20; 20; 20; 20; 20; 20; 20; 20; 20; 20; 20; 20; 20; 20; 20; 20; 20; 20,20,False,{'20': 20}
7270 - 7267 = ,3,10,False,10; 10; 10; 10; 10; 10; 10; 10; 10; 10; 10; 10; 10; 10; 10; 10; 10; 10; 10; 10,10,False,{'10': 20}
7270 / 7270 = ,1,10,False,1; 10; 10; 1; 1; 10; 10; 10; 1; 10; 10; 10; 10; 1; 1; 10; 1; 1; 1; 10,10,False,"{'1': 9, '10': 11}"
7272 - 7267 = ,5,10,False,10; 10; 10; 10; 10; 10; 10; 10; 10; 10; 10; 10; 10; 10; 10; 10; 10; 10; 10; 10,10,False,{'10': 20}
7272 / 7272 = ,1,10,False,1; 10; 10; 10; 10; 10; 10; 10; 1; 10; 1; 10; 10; 10; 1; 10; 10; 10; 10; 10,10,False,"{'1': 4, '10': 16}"
7274 / 3637 = ,2,20,False,20; 2; 20; 20; 2; 20; 20; 2; 20; 20; 20; 2; 2; 20; 20; 20; 2; 2; 20; 20,20,False,"{'20': 13, '2': 7}"
7275 - 7267 = ,8,10,False,10; 10; 10; 10; 10; 10; 10; 10; 10; 10; 10; 10; 10; 10; 10; 10; 10; 10; 10; 10,10,False,{'10': 20}
7276 - 7267 = ,9,10,False,10; 10; 10; 10; 10; 10; 10; 10; 10; 10; 10; 10; 10; 10; 10; 10; 10; 10; 10; 10,10,False,{'10': 20}
7279 / 7279 = ,1,10,False,10; 10; 10; 1; 101; 1; 1013; 1; 101; 1; 1014; 10; 1; 101.05; 1; 10; 10; 10; 10; 1013,10,False,"{'10': 8, '1': 6, '101': 2, '1013': 2, '1014': 1, '101.05': 1}"
7286 - 7278 = ,8,10,False,10; 10; 10; 10; 10; 10; 10; 10; 10; 10; 10; 10; 10; 10; 10; 10; 10; 10; 10; 10,10,False,{'10': 20}
7310 / 3655 = ,2,20,False,20; 20; 2; 20; 20; 20; 2; 2; 20; 2; 20; 20; 20; 2; 20; 2; 20; 20; 2; 20,20,False,"{'20': 13, '2': 7}"
7314 / 3657 = ,2,20,False,20; 20; 20; 20; 20; 20; 20; 20; 20; 20; 20; 20; 20; 20; 20; 20; 20; 20; 20; 20,20,False,{'20': 20}
7316 / 3658 = ,2,20,False,20; 2; 20; 20; 2; 20; 2; 2; 20; 2; 2; 20; 20; 20; 20; 20; 2; 20; 20; 20,20,False,"{'20': 13, '2': 7}"
7318 / 3659 = ,2,20,False,20; 20; 20; 20; 20; 20; 20; 20; 20; 20; 20; 20; 20; 20; 20; 20; 20; 20; 20; 20,20,False,{'20': 20}
7318 - 7311 = ,7,10,False,10; 10; 10; 10; 10; 10; 10; 10; 10; 10; 10; 10; 10; 0; 10; 10; 10; 0; 1; 10,10,False,"{'10': 17, '0': 2, '1': 1}"
7322 / 3661 = ,2,20,False,20; 20; 20; 20; 20; 20; 20; 20; 20; 20; 20; 20; 20; 20; 20; 20; 20; 20; 20; 20,20,False,{'20': 20}
7324 / 3662 = ,2,20,False,20; 20; 20; 2; 20; 20; 2; 20; 2; 2; 2; 2; 20; 2; 20; 2; 20; 20; 2; 20,20,False,"{'20': 11, '2': 9}"
7326 / 3663 = ,2,20,False,20; 20; 2; 2; 20; 20; 20; 2; 20; 20; 20; 20; 2; 2; 20; 2; 20; 20; 20; 20,20,False,"{'20': 14, '2': 6}"
7330 / 3665 = ,2,20,False,20; 2; 20; 2; 20; 20; 2; 2; 20; 2; 20; 20; 2; 2; 20; 2; 20; 20; 20; 20,20,False,"{'20': 12, '2': 8}"
7332 - 7323 = ,9,10,False,10; 10; 10; 10; 10; 10; 10; 10; 10; 10; 10; 10; 10; 10; 10; 10; 10; 10; 10; 10,10,False,{'10': 20}
7334 / 3667 = ,2,20,False,20; 20; 20; 20; 20; 20; 20; 20; 20; 20; 20; 20; 20; 20; 20; 20; 20; 20; 20; 20,20,False,{'20': 20}
7338 / 3669 = ,2,20,False,20; 2; 2; 2; 20; 2; 20; 20; 20; 20; 2; 20; 20; 20; 2; 2; 2; 2; 20; 2,20,False,"{'20': 10, '2': 10}"
7342 / 3671 = ,2,20,False,20; 2; 20; 20; 20; 2; 20; 20; 20; 20; 20; 20; 20; 2; 2; 20; 20; 2; 20; 20,20,False,"{'20': 15, '2': 5}"
7342 - 7334 = ,8,10,False,10; 10; 10; 10; 10; 10; 10; 10; 10; 10; 10; 10; 10; 10; 10; 10; 10; 10; 10; 10,10,False,{'10': 20}
7343 - 7334 = ,9,10,False,10; 10; 10; 10; 10; 10; 10; 10; 10; 10; 10; 10; 10; 10; 10; 10; 10; 10; 10; 10,10,False,{'10': 20}
7344 / 3672 = ,2,20,False,20; 2; 2; 20; 2; 2; 20; 20; 2; 20; 20; 2; 20; 20; 20; 2; 2; 2; 2; 2,2,True,"{'20': 9, '2': 11}"
7346 / 3673 = ,2,20,False,20; 20; 20; 20; 20; 20; 20; 20; 20; 20; 20; 20; 20; 20; 20; 20; 20; 20; 20; 20,20,False,{'20': 20}
7348 / 3674 = ,2,20,False,20; 20; 20; 20; 20; 20; 20; 20; 20; 20; 20; 20; 20; 20; 20; 20; 20; 20; 20; 20,20,False,{'20': 20}
7352 - 7345 = ,7,10,False,1; 10; 10; 10; 10; 7; 10; 10; 10; 10; 10; 7; 7; 10; 10; 1; 10; 10; 10; 10,10,False,"{'1': 2, '10': 15, '7': 3}"
7354 / 3677 = ,2,20,False,20; 20; 20; 20; 20; 20; 20; 20; 20; 20; 20; 20; 20; 20; 20; 20; 20; 20; 20; 20,20,False,{'20': 20}
7354 - 7345 = ,9,10,False,10; 10; 10; 10; 10; 10; 10; 10; 10; 10; 10; 10; 10; 10; 10; 10; 10; 10; 10; 10,10,False,{'10': 20}
7356 / 3678 = ,2,20,False,20; 20; 20; 2; 20; 20; 20; 20; 20; 20; 20; 20; 20; 20; 20; 20; 20; 20; 2; 20,20,False,"{'20': 18, '2': 2}"
7358 / 3679 = ,2,20,False,20; 20; 20; 2; 20; 20; 20; 20; 20; 2; 20; 20; 20; 2; 20; 20; 2; 20; 20; 2,20,False,"{'20': 15, '2': 5}"
7362 / 3681 = ,2,20,False,20; 20; 2; 20; 20; 20; 20; 20; 20; 2; 2; 2; 20; 20; 2; 20; 20; 20; 20; 20,20,False,"{'20': 15, '2': 5}"
7364 / 3682 = ,2,20,False,20; 20; 20; 20; 20; 20; 20; 20; 20; 20; 20; 20; 20; 20; 20; 20; 20; 20; 20; 20,20,False,{'20': 20}
7366 / 3683 = ,2,20,False,20; 20; 20; 20; 20; 20; 20; 20; 20; 20; 20; 20; 20; 20; 20; 20; 20; 20; 20; 20,20,False,{'20': 20}
7372 / 3686 = ,2,20,False,20; 20; 20; 20; 20; 20; 20; 20; 20; 20; 20; 20; 20; 20; 20; 20; 20; 20; 20; 20,20,False,{'20': 20}
7373 - 7367 = ,6,10,False,1; 1; 10; 10; 1; 10; 1; 10; 1; 10; 10; 1; 1; 10; 10; 10; 10; 10; 10; 1,10,False,"{'1': 8, '10': 12}"
7374 / 3687 = ,2,20,False,20; 20; 20; 20; 20; 20; 20; 20; 20; 20; 20; 20; 20; 20; 20; 20; 20; 20; 20; 20,20,False,{'20': 20}
7374 - 7367 = ,7,10,False,10; 10; 10; 1; 10; 1; 10; 10; 10; 10; 1; 10; 1; 10; 10; 1; 10; 10; 10; 10,10,False,"{'10': 15, '1': 5}"
7374 / 7374 = ,1,101.9999,False,1014; 101.985; 10000; 101; 1; 101.98; 1; 100.0; 100.98; 101; 1014; 101; 101.98; 101.98; 1014; 101; 1; 1; 1014; 101.98,1014,False,"{'1014': 4, '101.985': 1, '10000': 1, '101': 4, '1': 4, '101.98': 4, '100.0': 1, '100.98': 1}"
7375 - 7367 = ,8,10,False,10; 10; 10; 10; 10; 10; 10; 10; 10; 10; 10; 10; 10; 10; 10; 10; 10; 10; 10; 10,10,False,{'10': 20}
7376 / 3688 = ,2,20,False,2; 20; 20; 2; 20; 20; 20; 20; 20; 20; 20; 2; 2; 20; 2; 2; 2; 20; 20; 20,20,False,"{'2': 7, '20': 13}"
7376 - 7367 = ,9,10,False,10; 10; 10; 10; 10; 10; 10; 10; 10; 10; 10; 10; 10; 10; 10; 10; 10; 10; 10; 10,10,False,{'10': 20}
7378 / 3689 = ,2,20,False,20; 20; 20; 20; 20; 20; 20; 20; 20; 20; 20; 20; 20; 20; 20; 20; 20; 20; 20; 20,20,False,{'20': 20}
7382 / 3691 = ,2,20,False,20; 20; 20; 20; 20; 20; 20; 20; 20; 20; 20; 20; 2; 20; 20; 20; 20; 20; 20; 20,20,False,"{'20': 19, '2': 1}"
7384 / 3692 = ,2,20,False,20; 20; 2; 20; 20; 2; 20; 2; 20; 2; 20; 20; 20; 2; 20; 2; 20; 2; 2; 2,20,False,"{'20': 11, '2': 9}"
7386 - 7378 = ,8,10,False,10; 10; 10; 10; 10; 10; 10; 10; 10; 10; 10; 10; 10; 10; 10; 10; 10; 10; 10; 10,10,False,{'10': 20}
7392 / 1056 = ,7,11,False,11; 11; 11; 11; 11; 11; 11; 11; 11; 11; 11; 11; 11; 11; 11; 11; 11; 11; 11; 11,11,False,{'11': 20}
7394 / 3697 = ,2,20,False,20; 20; 20; 20; 20; 20; 20; 20; 20; 20; 20; 20; 20; 20; 2; 20; 20; 2; 20; 20,20,False,"{'20': 18, '2': 2}"
7398 - 7389 = ,9,10,False,10; 10; 10; 10; 10; 10; 10; 10; 10; 10; 10; 10; 10; 10; 10; 10; 10; 10; 10; 10,10,False,{'10': 20}
7414 / 3707 = ,2,20,False,2; 20; 20; 20; 20; 20; 2; 2; 20; 20; 2; 20; 20; 2; 2; 20; 20; 20; 20; 2,20,False,"{'2': 7, '20': 13}"
7416 - 7411 = ,5,10,False,10; 10; 10; 10; 10; 10; 10; 10; 10; 10; 10; 10; 10; 10; 10; 10; 10; 10; 10; 10,10,False,{'10': 20}
7421 - 7412 = ,9,10,False,10; 10; 10; 10; 10; 10; 10; 10; 10; 10; 10; 10; 10; 10; 10; 10; 10; 10; 10; 10,10,False,{'10': 20}
7428 - 7422 = ,6,10,False,10; 10; 10; 10; 10; 10; 10; 10; 10; 10; 10; 10; 10; 10; 10; 10; 10; 10; 10; 10,10,False,{'10': 20}
7434 / 3717 = ,2,20,False,20; 20; 20; 20; 20; 20; 20; 20; 20; 20; 20; 20; 20; 20; 20; 20; 20; 20; 20; 20,20,False,{'20': 20}
7442 / 3721 = ,2,20,False,2; 20; 20; 2; 20; 20; 20; 20; 2; 20; 20; 2; 20; 20; 20; 2; 20; 2; 20; 20,20,False,"{'2': 6, '20': 14}"
7446 / 3723 = ,2,20,False,2; 20; 20; 2; 20; 20; 2; 2; 2; 20; 2; 20; 20; 20; 2; 2; 2; 20; 2; 2,2,True,"{'2': 11, '20': 9}"
7448 / 3724 = ,2,20,False,20; 2; 2; 20; 20; 2; 20; 20; 20; 2; 20; 20; 2; 20; 2; 2; 20; 20; 2; 20,20,False,"{'20': 12, '2': 8}"
7453 - 7445 = ,8,10,False,10; 10; 10; 10; 10; 10; 10; 10; 10; 10; 10; 10; 10; 10; 10; 10; 10; 10; 10; 10,10,False,{'10': 20}
7454 / 3727 = ,2,20,False,20; 20; 20; 20; 20; 20; 20; 20; 20; 20; 20; 20; 20; 20; 20; 20; 20; 20; 20; 20,20,False,{'20': 20}
7454 - 7445 = ,9,10,False,10; 10; 10; 10; 10; 10; 10; 10; 10; 10; 10; 10; 10; 10; 10; 10; 10; 10; 10; 10,10,False,{'10': 20}
7462 / 1066 = ,7,11,False,7; 7; 7; 7; 12; 7; 7; 13; 7; 7; 7; 12; 7; 7; 12; 12; 11; 7; 11; 7,7,True,"{'7': 13, '12': 4, '13': 1, '11': 2}"
7462 / 3731 = ,2,20,False,2; 20; 20; 20; 2; 2; 2; 20; 2; 20; 2; 20; 20; 20; 20; 20; 20; 20; 20; 2,20,False,"{'2': 7, '20': 13}"
7464 / 3732 = ,2,20,False,20; 2; 20; 20; 20; 20; 2; 20; 2; 2; 20; 20; 20; 2; 20; 2; 20; 20; 20; 2,20,False,"{'20': 13, '2': 7}"
7466 / 3733 = ,2,20,False,20; 2; 2; 20; 20; 20; 2; 20; 20; 20; 20; 20; 20; 2; 20; 20; 20; 20; 2; 2,20,False,"{'20': 14, '2': 6}"
7474 / 3737 = ,2,20,False,20; 20; 20; 20; 20; 20; 20; 20; 20; 20; 20; 20; 20; 20; 20; 20; 20; 20; 20; 20,20,False,{'20': 20}
7474 - 7467 = ,7,10,False,10; 10; 10; 10; 10; 10; 10; 10; 10; 10; 10; 10; 10; 10; 10; 10; 10; 10; 10; 10,10,False,{'10': 20}
7475 / 7475 = ,1,10,False,101; 10; 1; 1; 10; 1; 1; 10; 10; 10; 1; 101; 1; 10; 101; 10; 101; 1; 101; 10,10,False,"{'101': 5, '10': 8, '1': 7}"
7476 - 7467 = ,9,10,False,10; 10; 10; 10; 10; 10; 10; 10; 10; 10; 10; 10; 10; 10; 10; 10; 10; 10; 10; 10,10,False,{'10': 20}
7482 / 3741 = ,2,20,False,20; 20; 20; 20; 20; 20; 20; 20; 20; 2; 20; 20; 20; 2; 20; 20; 20; 20; 20; 2,20,False,"{'20': 17, '2': 3}"
7484 / 3742 = ,2,20,False,20; 20; 20; 20; 20; 20; 20; 20; 20; 20; 20; 20; 20; 20; 20; 20; 20; 20; 20; 20,20,False,{'20': 20}
7486 / 3743 = ,2,20,False,20; 20; 2; 2; 2; 2; 20; 2; 20; 2; 20; 20; 20; 20; 20; 2; 20; 2; 20; 20,20,False,"{'20': 12, '2': 8}"
7486 - 7478 = ,8,10,False,10; 10; 10; 10; 10; 10; 10; 10; 10; 10; 10; 10; 10; 10; 10; 10; 10; 10; 10; 10,10,False,{'10': 20}
7488 / 3744 = ,2,20,False,20; 20; 20; 20; 20; 20; 20; 20; 20; 20; 20; 20; 20; 20; 20; 20; 20; 20; 20; 20,20,False,{'20': 20}
7494 / 3747 = ,2,20,False,20; 20; 20; 20; 20; 20; 20; 20; 20; 20; 20; 20; 20; 20; 20; 20; 20; 20; 20; 20,20,False,{'20': 20}
7516 / 3758 = ,2,20,False,20; 2; 20; 2; 20; 20; 20; 20; 20; 20; 2; 20; 2; 20; 20; 2; 2; 20; 2; 20,20,False,"{'20': 13, '2': 7}"
7516 - 7511 = ,5,10,False,1; 10; 0; 10; 10; 0; 10; 10; 0; 0; 0; 0; 10; 10; 10; 10; 10; 0; 0; 0,10,False,"{'1': 1, '10': 10, '0': 9}"
7522 / 3761 = ,2,20,False,20; 20; 20; 20; 20; 20; 20; 20; 20; 20; 20; 20; 20; 20; 20; 20; 20; 20; 20; 20,20,False,{'20': 20}
7524 / 3762 = ,2,19,False,20; 20; 2; 19; 20; 18; 19; 19; 19; 20; 19; 19; 19; 19; 20; 2; 18; 2; 19; 19,19,False,"{'20': 5, '2': 3, '19': 10, '18': 2}"
7532 / 3766 = ,2,19,False,19; 19; 19; 19; 19; 19; 19; 19; 19; 19; 19; 19; 19; 19; 19; 19; 19; 19; 19; 19,19,False,{'19': 20}
7552 - 7545 = ,7,10,False,1; 1; 10; 10; 10; 1; 10; 10; 1; 10; 1; 10; 1; 10; 1; 1; 1; 10; 10; 10,10,False,"{'1': 9, '10': 11}"
7553 - 7545 = ,8,10,False,10; 10; 10; 10; 10; 10; 10; 10; 10; 10; 10; 10; 10; 10; 10; 10; 10; 10; 10; 10,10,False,{'10': 20}
7554 / 3777 = ,2,20,False,20; 20; 20; 20; 20; 20; 20; 20; 2; 20; 20; 20; 20; 2; 20; 20; 2; 20; 20; 2,20,False,"{'20': 16, '2': 4}"
7554 - 7545 = ,9,10,False,10; 10; 10; 10; 10; 10; 10; 10; 10; 10; 10; 10; 10; 10; 10; 10; 10; 10; 10; 10,10,False,{'10': 20}
7564 / 3782 = ,2,19,False,19; 19; 19; 19; 19; 19; 19; 19; 19; 19; 19; 20; 19; 2; 19; 19; 19; 19; 20; 19,19,False,"{'19': 17, '20': 2, '2': 1}"
7574 / 3787 = ,2,20,False,20; 20; 20; 20; 20; 20; 20; 20; 20; 20; 20; 20; 20; 20; 20; 20; 20; 20; 20; 20,20,False,{'20': 20}
7575 - 7567 = ,8,10,False,10; 10; 10; 10; 10; 10; 10; 10; 10; 10; 10; 10; 10; 10; 10; 10; 10; 10; 10; 10,10,False,{'10': 20}
7576 / 3788 = ,2,20,False,20; 20; 2; 2; 20; 2; 2; 2; 2; 2; 20; 20; 2; 2; 20; 2; 2; 20; 20; 20,2,True,"{'20': 9, '2': 11}"
7576 - 7567 = ,9,10,False,10; 10; 10; 10; 10; 10; 10; 10; 10; 10; 10; 10; 10; 10; 10; 10; 10; 10; 10; 10,10,False,{'10': 20}
7586 - 7578 = ,8,10,False,10; 10; 10; 10; 10; 10; 10; 10; 10; 10; 10; 10; 10; 10; 10; 10; 10; 10; 10; 10,10,False,{'10': 20}
7628 - 7622 = ,6,10,False,1; 10; 10; 10; 10; 10; 10; 10; 10; 10; 10; 10; 1; 10; 1; 10; 10; 10; 1; 10,10,False,"{'1': 4, '10': 16}"
7632 - 7623 = ,9,10,False,10; 10; 10; 10; 10; 10; 10; 10; 9; 10; 9; 9; 10; 10; 10; 10; 10; 10; 10; 9,10,False,"{'10': 16, '9': 4}"
7653 - 7645 = ,8,10,False,10; 10; 10; 10; 10; 10; 10; 10; 10; 10; 10; 10; 10; 10; 10; 10; 10; 10; 10; 10,10,False,{'10': 20}
7654 - 7645 = ,9,10,False,10; 10; 10; 10; 10; 10; 10; 10; 10; 10; 10; 10; 10; 10; 10; 10; 10; 10; 10; 10,10,False,{'10': 20}
7665 - 7656 = ,9,10,False,10; 10; 10; 10; 10; 10; 10; 10; 10; 10; 10; 10; 10; 10; 10; 10; 10; 10; 10; 10,10,False,{'10': 20}
7672 / 3836 = ,2,20,False,2; 2; 20; 20; 20; 20; 20; 2; 20; 20; 2; 20; 20; 20; 20; 2; 20; 2; 2; 20,20,False,"{'2': 7, '20': 13}"
7674 / 3837 = ,2,20,False,20; 20; 20; 20; 2; 2; 20; 20; 2; 20; 20; 20; 20; 20; 2; 20; 20; 20; 20; 2,20,False,"{'20': 15, '2': 5}"
7675 - 7667 = ,8,10,False,10; 10; 8; 1; 10; 10; 10; 10; 8; 1; 10; 1; 1; 1; 10; 10; 10; 8; 10; 8,10,False,"{'10': 11, '8': 4, '1': 5}"
7676 / 3838 = ,2,20,False,20; 20; 2; 20; 2; 20; 2; 20; 2; 20; 20; 20; 2; 20; 2; 20; 20; 2; 20; 20,20,False,"{'20': 13, '2': 7}"
7676 - 7667 = ,9,10,False,10; 10; 10; 10; 10; 10; 10; 10; 10; 10; 10; 10; 10; 10; 10; 10; 10; 10; 10; 10,10,False,{'10': 20}
7714 / 3857 = ,2,20,False,20; 2; 20; 20; 20; 20; 20; 20; 2; 2; 20; 2; 20; 20; 2; 2; 2; 2; 20; 2,20,False,"{'20': 11, '2': 9}"
7714 - 7711 = ,3,10,False,10; 10; 2; 10; 2; 2; 10; 10; 2; 10; 2; 10; 10; 10; 2; 10; 10; 10; 10; 10,10,False,"{'10': 14, '2': 6}"
7716 - 7711 = ,5,10,False,2; 1; 10; 1; 10; 10; 2; 1; 2; 1; 2; 10; 10; 1; 2; 10; 10; 1; 10; 1,10,False,"{'2': 5, '1': 7, '10': 8}"
7722 / 3861 = ,2,20,False,20; 20; 20; 2; 20; 20; 2; 20; 20; 20; 20; 2; 20; 2; 20; 20; 2; 20; 2; 20,20,False,"{'20': 14, '2': 6}"
7724 / 3862 = ,2,20,False,20; 20; 20; 20; 20; 20; 20; 20; 20; 20; 20; 20; 20; 20; 20; 20; 20; 20; 20; 20,20,False,{'20': 20}
7726 / 3863 = ,2,20,False,20; 20; 2; 2; 20; 2; 20; 20; 2; 20; 20; 2; 2; 20; 20; 20; 2; 20; 2; 20,20,False,"{'20': 12, '2': 8}"
7732 / 3866 = ,2,20,False,2; 2; 20; 20; 20; 20; 2; 2; 2; 2; 20; 20; 20; 20; 2; 20; 20; 2; 20; 20,20,False,"{'2': 8, '20': 12}"
7734 / 3867 = ,2,20,False,2; 20; 20; 20; 20; 2; 20; 20; 20; 2; 2; 2; 20; 20; 2; 2; 20; 20; 2; 2,20,False,"{'2': 9, '20': 11}"
7742 / 3871 = ,2,20,False,2; 20; 20; 2; 20; 2; 20; 2; 20; 2; 2; 20; 2; 2; 20; 2; 2; 20; 20; 20,2,True,"{'2': 10, '20': 10}"
7744 / 3872 = ,2,20,False,20; 2; 2; 20; 20; 20; 20; 2; 20; 20; 20; 20; 20; 20; 20; 20; 2; 2; 20; 20,20,False,"{'20': 15, '2': 5}"
7746 / 3873 = ,2,20,False,2; 20; 2; 20; 2; 2; 2; 2; 20; 2; 20; 20; 2; 2; 2; 20; 20; 2; 2; 20,2,True,"{'2': 12, '20': 8}"
7748 / 3874 = ,2,20,False,20; 20; 20; 20; 20; 20; 20; 20; 20; 20; 20; 20; 20; 20; 20; 20; 20; 20; 20; 20,20,False,{'20': 20}
7754 - 7745 = ,9,10,False,1; 10; 10; 1; 10; 10; 10; 1; 10; 10; 10; 1; 10; 10; 1; 10; 10; 10; 1; 10,10,False,"{'1': 6, '10': 14}"
7756 / 3878 = ,2,20,False,20; 20; 2; 20; 20; 2; 2; 2; 2; 2; 20; 2; 2; 20; 2; 20; 2; 20; 20; 20,20,False,"{'20': 10, '2': 10}"
7764 - 7756 = ,8,10,False,0; 0; 0; 0; 8; 0; 8; 10; 0; 10; 0; 10; 10; 0; 0; 10; 10; 0; 0; 0,0,False,"{'0': 12, '8': 2, '10': 6}"
7766 / 3883 = ,2,20,False,20; 2; 20; 2; 2; 20; 2; 20; 20; 2; 20; 2; 20; 20; 20; 20; 20; 2; 20; 2,20,False,"{'20': 12, '2': 8}"
7770 - 7762 = ,8,58,False,58; 58; 58; 58; 58; 58; 58; 58; 58; 58; 58; 58; 58; 58; 58; 58; 58; 58; 58; 58,58,False,{'58': 20}
7770 - 7763 = ,7,17,False,17; 17; 17; 17; 17; 17; 17; 17; 17; 17; 17; 17; 17; 17; 17; 17; 17; 17; 17; 17,17,False,{'17': 20}
7770 - 7764 = ,6,36,False,36; 36; 36; 36; 36; 36; 36; 36; 36; 36; 36; 36; 36; 36; 36; 36; 36; 36; 36; 36,36,False,{'36': 20}
7770 - 7765 = ,5,15,False,15; 15; 15; 15; 15; 15; 15; 15; 15; 15; 15; 15; 15; 15; 15; 15; 15; 15; 15; 15,15,False,{'15': 20}
7770 - 7766 = ,4,14,False,14; 14; 14; 14; 14; 14; 14; 14; 14; 14; 14; 14; 14; 14; 14; 14; 14; 14; 14; 14,14,False,{'14': 20}
7770 - 7767 = ,3,13,False,13; 13; 13; 13; 13; 13; 13; 13; 13; 13; 13; 13; 13; 13; 13; 13; 13; 13; 13; 13,13,False,{'13': 20}
7774 - 7765 = ,9,29,False,29; 29; 29; 29; 29; 29; 29; 29; 29; 2; 2; 29; 2; 2; 29; 2; 29; 29; 29; 29,29,False,"{'29': 15, '2': 5}"
7784 / 3892 = ,2,20,False,2; 20; 20; 20; 2; 2; 20; 20; 20; 20; 20; 20; 20; 20; 20; 20; 20; 2; 2; 20,20,False,"{'2': 5, '20': 15}"
7820 / 3910 = ,2,20,False,20; 20; 20; 20; 2; 20; 20; 20; 2; 2; 20; 2; 2; 2; 20; 20; 2; 20; 20; 2,20,False,"{'20': 12, '2': 8}"
7822 / 3911 = ,2,20,False,2; 20; 2; 20; 20; 20; 20; 20; 20; 20; 20; 20; 2; 20; 20; 20; 20; 20; 20; 20,20,False,"{'2': 3, '20': 17}"
7838 / 3919 = ,2,20,False,20; 2; 2; 20; 20; 20; 20; 20; 20; 20; 20; 20; 20; 20; 20; 2; 20; 20; 20; 20,20,False,"{'20': 17, '2': 3}"
7842 - 7834 = ,8,10,False,10; 10; 10; 10; 10; 10; 10; 10; 10; 1; 10; 1; 10; 10; 1; 10; 10; 10; 10; 10,10,False,"{'10': 17, '1': 3}"
7853 - 7845 = ,8,10,False,10; 10; 2; 10; 2; 2; 2; 10; 10; 10; 1; 2; 2; 10; 2; 10; 2; 2; 10; 10,10,False,"{'10': 10, '2': 9, '1': 1}"
7854 - 7845 = ,9,10,False,10; 10; 10; 10; 10; 10; 10; 10; 10; 10; 10; 10; 10; 10; 10; 10; 10; 10; 10; 10,10,False,{'10': 20}
7858 / 3929 = ,2,20,False,20; 20; 20; 20; 20; 20; 20; 20; 20; 2; 20; 20; 20; 20; 2; 20; 20; 20; 2; 2,20,False,"{'20': 16, '2': 4}"
7876 - 7867 = ,9,10,False,10; 10; 10; 10; 10; 10; 10; 10; 10; 10; 10; 10; 10; 10; 10; 10; 10; 10; 10; 10,10,False,{'10': 20}
7882 / 3941 = ,2,20,False,20; 2; 20; 20; 2; 20; 20; 20; 2; 20; 20; 20; 20; 20; 20; 2; 20; 2; 2; 20,20,False,"{'20': 14, '2': 6}"
7914 / 3957 = ,2,20,False,20; 20; 20; 2; 20; 2; 20; 20; 20; 20; 2; 20; 20; 20; 2; 20; 20; 20; 20; 2,20,False,"{'20': 15, '2': 5}"
7934 / 3967 = ,2,20,False,20; 20; 20; 20; 20; 20; 20; 20; 2; 20; 2; 20; 20; 20; 20; 20; 20; 20; 20; 20,20,False,"{'20': 18, '2': 2}"
7964 / 3982 = ,2,20,False,20; 2; 2; 20; 20; 20; 20; 2; 2; 2; 20; 2; 20; 2; 20; 2; 2; 20; 20; 20,20,False,"{'20': 11, '2': 9}"
7966 / 3983 = ,2,20,False,20; 20; 2; 20; 2; 20; 2; 20; 20; 20; 2; 20; 2; 20; 20; 20; 2; 2; 20; 2,20,False,"{'20': 12, '2': 8}"
7974 / 3987 = ,2,20,False,2; 20; 20; 20; 2; 20; 2; 20; 2; 20; 20; 20; 20; 2; 20; 20; 20; 20; 20; 20,20,False,"{'2': 5, '20': 15}"
7976 / 997 = ,8,80,False,80; 80; 80; 80; 80; 80; 80; 80; 80; 80; 80; 80; 80; 80; 80; 80; 80; 80; 80; 80,80,False,{'80': 20}
7976 - 7967 = ,9,10,False,10; 1; 10; 10; 1; 1; 10; 10; 10; 10; 1; 10; 10; 10; 10; 10; 10; 10; 10; 10,10,False,"{'10': 16, '1': 4}"
7978 / 3989 = ,2,20,False,20; 2; 20; 2; 20; 2; 2; 20; 20; 2; 20; 20; 20; 20; 20; 2; 20; 2; 2; 20,20,False,"{'20': 12, '2': 8}"
7979 / 7979 = ,1,10,False,10; 10000; 10; 1; 1; 10; 1; 10; 100.0; 1; 10; 10; 10; 10000; 10; 10000; 1; 100.0; 10; 100.0,10,False,"{'10': 9, '10000': 3, '1': 5, '100.0': 3}"
7984 / 998 = ,8,80,False,8; 80; 80; 80; 80; 8; 80; 80; 80; 8; 8; 80; 8; 80; 80; 80; 80; 80; 80; 80,80,False,"{'8': 5, '80': 15}"
7988 / 3994 = ,2,20,False,20; 20; 2; 20; 20; 2; 20; 2; 2; 20; 20; 20; 20; 2; 20; 20; 20; 2; 20; 2,20,False,"{'20': 13, '2': 7}"
7990 / 7990 = ,1,10,False,10; 10; 10; 10; 10; 10; 10; 1; 10; 10; 10; 10; 10; 1; 1000; 1000; 1000; 10; 100; 1,10,False,"{'10': 13, '1': 3, '1000': 3, '100': 1}"
7992 / 3996 = ,2,20,False,20; 2; 2; 20; 2; 2; 20; 20; 20; 20; 20; 2; 20; 20; 2; 20; 2; 20; 20; 20,20,False,"{'20': 13, '2': 7}"
7995 / 7995 = ,1,10000,False,10000; 10000; 10; 10000; 1; 10000; 1; 1; 10; 10000; 1; 10000; 10000; 10000; 10000; 10000; 1; 10000; 10; 10000,10000,False,"{'10000': 12, '10': 3, '1': 5}"
7996 / 3998 = ,2,20,False,20; 2; 20; 2; 20; 20; 20; 20; 20; 2; 2; 2; 20; 20; 20; 20; 2; 20; 20; 20,20,False,"{'20': 14, '2': 6}"
7998 / 3999 = ,2,20,False,2; 20; 20; 20; 20; 20; 2; 2; 2; 20; 20; 20; 20; 2; 2; 2; 20; 2; 20; 2,20,False,"{'2': 9, '20': 11}"
7998 - 7989 = ,9,10,False,10; 10; 10; 10; 10; 10; 10; 10; 10; 10; 10; 10; 10; 10; 10; 10; 10; 10; 10; 10,10,False,{'10': 20}
8004 / 4002 = ,2,2001,False,2001; 2001; 2001; 2001; 2001; 2001; 2001; 2001; 2001; 2001; 2001; 2001; 2001; 2001; 2001; 2001; 2001; 2001; 2001; 2001,2001,False,{'2001': 20}
8010 - 8001 = ,9,10,False,10; 10; 1; 10; 1; 1; 1; 10; 1; 10; 1; 1; 10; 10; 10; 1; 10; 10; 1; 1,10,False,"{'10': 10, '1': 10}"
8016 - 8011 = ,5,10,False,10; 1; 1; 1; 1; 10; 1; 10; 10; 1; 10; 10; 10; 10; 10; 10; 10; 1; 1; 1,10,False,"{'10': 11, '1': 9}"
8018 / 4009 = ,2,20,False,20; 20; 2003; 20; 20; 20; 20; 20; 20; 20; 20; 20; 20; 20; 20; 2003; 20; 20; 20; 2003,20,False,"{'20': 17, '2003': 3}"
8018 - 8011 = ,7,10,False,10; 1; 10; 1; 10; 10; 1; 10; 10; 10; 10; 1; 1; 10; 10; 1; 10; 10; 10; 10,10,False,"{'10': 14, '1': 6}"
8020 / 4010 = ,2,20,False,2; 20; 20; 20; 2; 20; 2; 20; 20; 20; 20; 2; 20; 20; 20; 20; 20; 20; 20; 20,20,False,"{'2': 4, '20': 16}"
8042 - 8034 = ,8,10,False,10; 10; 10; 10; 10; 10; 10; 10; 10; 10; 10; 10; 10; 10; 10; 10; 10; 10; 10; 10,10,False,{'10': 20}
8050 / 4025 = ,2,1.99,False,1.96; 1.96; 1.99; 1; 1.99; 1.99; 1.97; 1.99; 1.99; 1.99; 1; 1.97; 1; 1.96; 1.97; 1.96; 1.96; 1; 1.99; 1.96,1.99,False,"{'1.96': 6, '1.99': 7, '1': 4, '1.97': 3}"
8053 - 8045 = ,8,10,False,10; 10; 10; 10; 10; 10; 10; 10; 10; 10; 10; 10; 10; 10; 10; 10; 10; 10; 10; 10,10,False,{'10': 20}
8054 / 4027 = ,2,1.96,False,1.99; 1.96; 1.93; 2; 1; 1.99; 1; 1; 2; 2; 1; 1; 1; 1.96; 1.96; 1.96; 1.93; 1.96; 1; 1,1,False,"{'1.99': 2, '1.96': 5, '1.93': 2, '2': 3, '1': 8}"
8065 - 8056 = ,9,10,False,10; 11; 10; 11; 10; 10; 10; 10; 11; 10; 10; 11; 10; 10; 10; 11; 11; 10; 10; 10,10,False,"{'10': 14, '11': 6}"
8070 / 4035 = ,2,19,False,2; 2; 2; 19; 2; 19; 19; 19; 19; 19; 19; 2; 19; 1; 19; 19; 2; 2; 2; 2,19,False,"{'2': 9, '19': 10, '1': 1}"
8086 - 8078 = ,8,10,False,10; 10; 10; 10; 10; 10; 10; 10; 10; 10; 10; 10; 10; 10; 10; 10; 10; 10; 10; 10,10,False,{'10': 20}
8116 - 8111 = ,5,10,False,10; 10; 10; 0; 10; 10; 10; 10; 10; 10; 10; 10; 10; 10; 10; 10; 10; 10; 0; 10,10,False,"{'10': 18, '0': 2}"
8142 - 8134 = ,8,10,False,10; 10; 10; 10; 10; 10; 10; 10; 10; 10; 10; 10; 10; 10; 10; 10; 10; 10; 10; 10,10,False,{'10': 20}
8143 - 8134 = ,9,10,False,10; 10; 10; 10; 1; 1; 10; 1; 1; 10; 10; 10; 1; 10; 10; 10; 10; 10; 1; 1,10,False,"{'10': 13, '1': 7}"
8170 / 4085 = ,2,1.96,False,1.96; 2; 1.96; 1; 2; 1; 1.93; 1.96; 1.93; 1.962; 1; 2; 1.93; 2; 1.96; 1; 1.962; 1.926; 2; 1,2,True,"{'1.96': 4, '2': 5, '1': 5, '1.93': 3, '1.962': 2, '1.926': 1}"
8180 / 8180 = ,1,10,False,10; 1; 10; 10; 100; 1; 10; 1; 1; 1000; 1; 1; 10; 1; 1; 1; 10; 1; 1; 1,1,True,"{'10': 6, '1': 12, '100': 1, '1000': 1}"
8186 - 8178 = ,8,10,False,10; 10; 10; 10; 10; 10; 10; 10; 10; 10; 10; 10; 10; 10; 10; 10; 10; 10; 10; 10,10,False,{'10': 20}
8187 - 8178 = ,9,10,False,10; 10; 10; 1; 10; 10; 10; 10; 10; 10; 10; 1; 10; 10; 1; 1; 10; 10; 1; 1,10,False,"{'10': 14, '1': 6}"
8188 / 4094 = ,2,20,False,20; 2; 2; 20; 20; 2; 20; 20; 20; 2; 2; 2; 20; 2; 2; 20; 2; 20; 20; 2,20,False,"{'20': 10, '2': 10}"
8214 - 8211 = ,3,10,False,10; 10; 10; 10; 10; 10; 10; 10; 10; 10; 10; 10; 10; 10; 10; 10; 10; 10; 10; 10,10,False,{'10': 20}
8216 / 4108 = ,2,20,False,20; 20; 203; 203; 20; 203; 20; 203; 203; 203; 203; 20; 203; 203; 20; 20; 20; 20; 20; 20,20,False,"{'20': 11, '203': 9}"
8216 - 8211 = ,5,10,False,10; 10; 10; 1; 10; 10; 1; 1; 10; 10; 10; 1; 10; 1; 10; 10; 10; 10; 10; 10,10,False,"{'10': 15, '1': 5}"
8218 - 8211 = ,7,10,False,10; 10; 10; 10; 10; 10; 10; 10; 10; 10; 10; 10; 10; 10; 10; 10; 10; 10; 10; 10,10,False,{'10': 20}
8219 - 8211 = ,8,10,False,0; 0; 0; 10; 10; 10; 0; 1; 0; 1; 0; 0; 10; 10; 10; 1; 0; 10; 10; 0,0,False,"{'0': 9, '10': 8, '1': 3}"
8222 / 4111 = ,2,20,False,2; 20; 20; 2; 2; 20; 20; 20; 2; 20; 2; 20; 20; 20; 20; 20; 2; 20; 2; 20,20,False,"{'2': 7, '20': 13}"
8228 / 4114 = ,2,20,False,2; 2; 2; 2; 2; 20; 20; 2; 2; 2; 2; 20; 2; 2; 2; 20; 20; 2; 205; 2,2,True,"{'2': 14, '20': 5, '205': 1}"
8232 - 8223 = ,9,10,False,10; 10; 10; 10; 10; 10; 10; 10; 10; 10; 10; 10; 10; 10; 10; 10; 10; 10; 10; 10,10,False,{'10': 20}
8242 - 8234 = ,8,10,False,10; 10; 10; 10; 10; 10; 10; 10; 10; 10; 10; 10; 10; 10; 10; 10; 10; 10; 10; 10,10,False,{'10': 20}
8253 - 8245 = ,8,10,False,10; 10; 10; 10; 10; 10; 10; 10; 10; 10; 10; 10; 10; 10; 10; 10; 10; 10; 10; 10,10,False,{'10': 20}
8258 / 4129 = ,2,20,False,2; 2; 2; 2; 203; 2; 20; 2; 2; 2; 2; 20; 2; 2; 20; 203; 2; 2; 2; 203,2,True,"{'2': 14, '203': 3, '20': 3}"
8265 - 8256 = ,9,10,False,10; 10; 10; 10; 10; 10; 10; 10; 10; 10; 10; 10; 10; 10; 10; 10; 10; 10; 10; 10,10,False,{'10': 20}
8276 - 8267 = ,9,10,False,10; 10; 10; 10; 10; 10; 10; 10; 10; 10; 10; 10; 10; 10; 10; 10; 10; 10; 10; 10,10,False,{'10': 20}
8282 / 4141 = ,2,20,False,2; 20; 20; 20; 2; 20; 20; 20; 20; 20; 2; 20; 20; 2; 20; 2; 20; 20; 20; 2,20,False,"{'2': 6, '20': 14}"
8286 - 8278 = ,8,10,False,10; 10; 10; 10; 10; 10; 10; 10; 10; 10; 10; 10; 10; 10; 10; 10; 10; 10; 10; 10,10,False,{'10': 20}
8287 - 8278 = ,9,10,False,10; 10; 10; 10; 10; 10; 10; 10; 10; 10; 10; 10; 10; 10; 10; 10; 10; 10; 10; 10,10,False,{'10': 20}
8294 - 8289 = ,5,10,False,10; 10; 10; 10; 10; 10; 10; 10; 10; 10; 10; 10; 10; 10; 10; 10; 10; 10; 10; 10,10,False,{'10': 20}
8297 - 8289 = ,8,10,False,10; 10; 10; 10; 10; 10; 10; 10; 10; 10; 10; 10; 10; 10; 10; 10; 10; 10; 10; 10,10,False,{'10': 20}
8298 - 8289 = ,9,10,False,10; 10; 10; 10; 10; 10; 10; 10; 10; 10; 10; 10; 10; 10; 10; 10; 10; 10; 10; 10,10,False,{'10': 20}
8314 / 4157 = ,2,20,False,2; 20; 20; 20; 2; 20; 2; 20; 20; 20; 20; 2; 20; 20; 20; 20; 2; 20; 20; 2,20,False,"{'2': 6, '20': 14}"
8316 / 4158 = ,2,20,False,20; 20; 20; 20; 20; 20; 20; 20; 20; 20; 2; 2; 20; 20; 20; 20; 2; 20; 20; 20,20,False,"{'20': 17, '2': 3}"
8316 - 8311 = ,5,10,False,10; 10; 10; 10; 10; 10; 10; 10; 10; 10; 10; 10; 10; 10; 10; 10; 10; 10; 10; 10,10,False,{'10': 20}
8326 - 8322 = ,4,10,False,1; 10; 10; 10; 10; 10; 10; 10; 1; 10; 1; 10; 10; 1; 1; 10; 1; 10; 1; 1,10,False,"{'1': 8, '10': 12}"
8332 - 8323 = ,9,10,False,10; 10; 10; 10; 10; 10; 10; 10; 10; 10; 10; 10; 10; 10; 10; 10; 10; 10; 10; 10,10,False,{'10': 20}
8352 - 8345 = ,7,10,False,10; 1; 10; 10; 10; 10; 1; 10; 10; 10; 1; 1; 1; 1; 1; 1; 1; 1; 1; 1,1,False,"{'10': 8, '1': 12}"
8353 - 8345 = ,8,10,False,10; 10; 10; 10; 10; 10; 10; 10; 10; 10; 10; 10; 10; 10; 10; 10; 10; 10; 10; 10,10,False,{'10': 20}
8354 - 8345 = ,9,10,False,10; 10; 10; 10; 10; 10; 10; 10; 10; 10; 10; 10; 10; 10; 10; 10; 10; 10; 10; 10,10,False,{'10': 20}
8360 / 1045 = ,8,17,False,16; 17; 17; 16; 17; 16; 17; 16; 16; 17; 17; 16; 16; 16; 17; 17; 17; 17; 17; 17,17,False,"{'16': 8, '17': 12}"
8376 - 8367 = ,9,10,False,10; 10; 10; 10; 10; 10; 10; 10; 10; 10; 10; 10; 10; 10; 10; 10; 10; 10; 10; 10,10,False,{'10': 20}
8385 - 8376 = ,9,14,False,14; 14; 14; 10; 10; 14; 1; 11; 12; 1; 14; 14; 12; 1; 14; 12; 1; 12; 12; 11,14,False,"{'14': 7, '10': 2, '1': 4, '11': 2, '12': 5}"
8386 - 8378 = ,8,10,False,10; 10; 10; 10; 10; 10; 10; 10; 10; 10; 10; 10; 10; 10; 10; 10; 10; 10; 10; 10,10,False,{'10': 20}
8416 - 8411 = ,5,10,False,0; 0; 10; 0; 0; 10; 0; 10; 10; 0; 10; 10; 10; 10; 0; 0; 0; 0; 10; 0,0,False,"{'0': 11, '10': 9}"
8421 / 2807 = ,3,29,False,29; 29; 29; 29; 2; 29; 29; 29; 2; 29; 2; 2; 29; 29; 29; 29; 2; 29; 26; 26,29,False,"{'29': 13, '2': 5, '26': 2}"
8421 - 8412 = ,9,19,False,19; 19; 19; 19; 19; 19; 19; 19; 19; 19; 19; 19; 19; 19; 19; 19; 19; 19; 19; 19,19,False,{'19': 20}
8421 / 8421 = ,1,10000,False,10000; 10000; 10000; 10000; 10000; 10000; 1001; 1; 1; 10000; 10000; 10000; 10000; 10000; 1; 10000; 10000; 10000; 1; 1,10000,False,"{'10000': 14, '1001': 1, '1': 5}"
8426 - 8422 = ,4,10,False,10; 10; 10; 10; 10; 10; 10; 10; 10; 10; 10; 10; 10; 10; 10; 10; 10; 10; 10; 10,10,False,{'10': 20}
8440 / 1055 = ,8,16,False,7; 7; 7; 16; 7; 16; 16; 7; 7; 7; 7; 7; 16; 7; 16; 16; 7; 16; 16; 7,7,False,"{'7': 12, '16': 8}"
8453 - 8445 = ,8,10,False,10; 10; 10; 10; 10; 10; 10; 10; 10; 10; 10; 10; 10; 10; 10; 10; 10; 10; 10; 10,10,False,{'10': 20}
8454 - 8445 = ,9,10,False,10; 10; 10; 10; 10; 10; 10; 10; 10; 10; 10; 10; 10; 10; 10; 10; 10; 10; 10; 10,10,False,{'10': 20}
8465 - 8456 = ,9,10,False,1; 10; 10; 10; 10; 1; 10; 10; 1; 1; 1; 1; 1; 10; 10; 1; 10; 1; 10; 1,1,False,"{'1': 10, '10': 10}"
8476 - 8467 = ,9,10,False,10; 1; 10; 10; 10; 1; 10; 1; 10; 10; 10; 10; 10; 1; 1; 10; 10; 10; 10; 10,10,False,"{'10': 15, '1': 5}"
8484 - 8478 = ,6,10,False,10; 10; 10; 10; 10; 10; 10; 10; 10; 10; 10; 10; 10; 10; 10; 10; 10; 10; 10; 10,10,False,{'10': 20}
8486 - 8478 = ,8,10,False,10; 10; 10; 10; 10; 10; 10; 10; 10; 10; 10; 10; 10; 10; 10; 10; 10; 10; 10; 10,10,False,{'10': 20}
8487 - 8478 = ,9,10,False,10; 10; 10; 10; 10; 10; 10; 10; 10; 10; 10; 10; 10; 10; 10; 10; 10; 10; 10; 10,10,False,{'10': 20}
8502 / 4251 = ,2,1.96,False,1.97 (rounded to two; 1.936; 1.96; 1.97; 1.96; 1.96; 1.96; 1.96; 1.96; 1.96; 1.96; 1.96; 1.93; 1.97; 1.973; 1.97; 1.96; 1.96; 1.96; 1.97,1.96,False,"{'1.97 (rounded to two': 1, '1.936': 1, '1.96': 12, '1.97': 4, '1.93': 1, '1.973': 1}"
8504 / 4252 = ,2,1. **Division Setup**: We start,False,1. **Division Step**:; 1.96; 1.67 (rounded to two; 1.96; 1.73; 1. **Divide the first digit; 1. **Divide the first two; 1.96; 1.69; 1.763; 1. **Division**: We start by; 1.69; 1. **Divide the first two; 1.73; 1.69; 1.93; 1.973; 1.96; 1.97; 1. **Divide**:,1.96,False,"{'1. **Division Step**:': 1, '1.96': 4, '1.67 (rounded to two': 1, '1.73': 2, '1. **Divide the first digit': 1, '1. **Divide the first two': 2, '1.69': 3, '1.763': 1, '1. **Division**: We start by': 1, '1.93': 1, '1.973': 1, '1.97': 1, '1. **Divide**:': 1}"
8506 / 4253 = ,2,1.97,False,"1; 1.79; 1; 1.74 (rounded to two; 1. **Division Setup:**; 1.94; 1.79; 1.97; 1.99; 1.98; 1.93; 1. **Division Setup:**; 1.974; 1.79; 1.97 (rounded to two; 1; 1.74 (rounded to two; 1.97; 1.99; 1. **Division**: 
   We",1,False,"{'1': 3, '1.79': 3, '1.74 (rounded to two': 2, '1. **Division Setup:**': 2, '1.94': 1, '1.97': 2, '1.99': 2, '1.98': 1, '1.93': 1, '1.974': 1, '1.97 (rounded to two': 1, '1. **Division**: \n   We': 1}"
8508 / 4254 = ,2,1. **Division Setup**: We start,False,"1; 1.96; 1.96; 1; 1.97; 1. **Identify the problem**:; 1.69; 1.69; 1.97; 1; 1.69; 1. **Division**: First, we; 1. **Divide**: First,; 1; 1; 1.96; 1; 1; 1. **Division**: First, we; 1",1,False,"{'1': 8, '1.96': 3, '1.97': 2, '1. **Identify the problem**:': 1, '1.69': 3, '1. **Division**: First, we': 2, '1. **Divide**: First,': 1}"
8510 / 4255 = ,2,19,False,19; 19; 1.97; 19; 19; 19; 19; 19; 19; 19; 19; 19; 19; 19; 1. **Division Setup**: We start; 19; 19; 19; 1. **Divide the numbers:; 1.73,19,False,"{'19': 16, '1.97': 1, '1. **Division Setup**: We start': 1, '1. **Divide the numbers:': 1, '1.73': 1}"
8512 / 4256 = ,2,1. **Division Setup**: Begin by,False,19; 1; 1. **Division Step**:; 19; 1; 19; 1. **Division Setup**: We start; 1; 19; 19; 19; 1. **Divide the first digit; 19; 19; 19; 1.975; 1; 1; 1; 1. **Division**: We start by,19,False,"{'19': 9, '1': 6, '1. **Division Step**:': 1, '1. **Division Setup**: We start': 1, '1. **Divide the first digit': 1, '1.975': 1, '1. **Division**: We start by': 1}"
8516 / 4258 = ,2,1. **Division Setup**: Begin by,False,19; 19; 1.79; 1; 1.79; 1; 1; 1.99; 1.93; 1; 1. **Division Step**:; 19; 19; 19; 1; 1. **Division**: Start by dividing; 19; 19; 19; 1,19,False,"{'19': 8, '1.79': 2, '1': 6, '1.99': 1, '1.93': 1, '1. **Division Step**:': 1, '1. **Division**: Start by dividing': 1}"
8518 / 4259 = ,2,1. **Division Setup**: We start,False,"2; 1.73; 2; 2; 2; 1.763; 1.96; 1. **Division Step**: First,; 2; 1. **Divide the first two; 1.736; 1.763; 2; 1. **Setup the Division:**; 1. **Division**: First, we; 2; 2; 2; 1.73; 2",2,True,"{'2': 10, '1.73': 2, '1.763': 2, '1.96': 1, '1. **Division Step**: First,': 1, '1. **Divide the first two': 1, '1.736': 1, '1. **Setup the Division:**': 1, '1. **Division**: First, we': 1}"
8520 / 1065 = ,8,13,False,8; 13; 8; 13; 13; 13; 13; 13; 8; 13; 13; 8; 8; 13; 13; 13; 13; 8; 13; 13,13,False,"{'8': 6, '13': 14}"
8526 / 4263 = ,2,1. **Division Setup**: We start,False,"1. **Division Setup**: We start; 1.99; 1.97; 1. **Division by Integer**:; 1. **Divide**: First,; 1.99; 1. **Divide the first digits; 1.97; 1. **Divide**: First,; 1.99; 1. **Identify the Divisor; 1.96; 1. **Division by Whole Numbers**; 1. **Division Step-by-Step; 1. **Division Setup:**; 1. **Division Setup**:; 1. **Division**: First, we; 1. **Division Step-by-Step; 1. **Divide**: First,; 1. **Setup Division**:",1.99,False,"{'1. **Division Setup**: We start': 1, '1.99': 3, '1.97': 2, '1. **Division by Integer**:': 1, '1. **Divide**: First,': 3, '1. **Divide the first digits': 1, '1. **Identify the Divisor': 1, '1.96': 1, '1. **Division by Whole Numbers**': 1, '1. **Division Step-by-Step': 2, '1. **Division Setup:**': 1, '1. **Division Setup**:': 1, '1. **Division**: First, we': 1, '1. **Setup Division**:': 1}"
8526 - 8522 = ,4,10,False,10; 10; 10; 1; 10; 10; 10; 1; 10; 10; 10; 1; 10; 1; 1; 1; 10; 1; 10; 1,10,False,"{'10': 12, '1': 8}"
8528 / 1066 = ,8,13,False,13; 13; 13; 7; 13; 13; 7; 7; 13; 13; 13; 13; 7; 13; 13; 13; 13; 7; 13; 13,13,False,"{'13': 15, '7': 5}"
8528 / 4264 = ,2,19,False,"19; 1; 19; 1; 19; 19; 1; 19; 1. **Divide**: First,; 1; 1. **Division**: Start by dividing; 1. **Division Step:**; 19; 1; 1. **Divide the first digits; 1; 19; 1. First, we divide the first; 1; 19",19,False,"{'19': 8, '1': 7, '1. **Divide**: First,': 1, '1. **Division**: Start by dividing': 1, '1. **Division Step:**': 1, '1. **Divide the first digits': 1, '1. First, we divide the first': 1}"
8530 / 4265 = ,2,1. **Division Setup**: We start,False,"1.975; 1.97; 1.97; 19; 1.74 (rounded to two; 1. **Initialization**: 
    -; 19; 19; 1. **Division Step-by-Step; 1.974; 1. **Division**: First, we; 19; 19; 1.985; 19; 1. **Division Setup:**; 19; 1.98 (rounded to two; 19; 19",19,False,"{'1.975': 1, '1.97': 2, '19': 9, '1.74 (rounded to two': 1, '1. **Initialization**: \n    -': 1, '1. **Division Step-by-Step': 1, '1.974': 1, '1. **Division**: First, we': 1, '1.985': 1, '1. **Division Setup:**': 1, '1.98 (rounded to two': 1}"
8534 / 4267 = ,2,1. **Division Setup**: We start,False,"1. **Divide**: First,; 1. **Identify the problem**:; 1. **Division Step:**; 1; 1. **Division Calculation:**; 1. **Divide**:; 1. **Division**: We start by; 1. **Division**: First, perform; 1; 1. **Division**: First, we; 1. **Division**: 
   -; 1. **Divide**: First,; 1. **Identify the problem:**; 1. **Initialization**:
   -; 1. **Division Setup**: We start; 1; 1. **Initialization**: Start with \(; 1; 1. **Identify the problem**:; 1. **Division**: 
   -",1,False,"{'1. **Divide**: First,': 2, '1. **Identify the problem**:': 2, '1. **Division Step:**': 1, '1': 4, '1. **Division Calculation:**': 1, '1. **Divide**:': 1, '1. **Division**: We start by': 1, '1. **Division**: First, perform': 1, '1. **Division**: First, we': 1, '1. **Division**: \n   -': 2, '1. **Identify the problem:**': 1, '1. **Initialization**:\n   -': 1, '1. **Division Setup**: We start': 1, '1. **Initialization**: Start with \\(': 1}"
8536 / 4268 = ,2,1. **Division Setup**: Begin by,False,"1; 1. Divide the first digit of the; 1; 1; 1. **Divide the first digit; 1; 1. **Divide the first digit; 1; 1; 1. **Division**: First, we; 1. Divide 8536; 1. **Divide the first two; 1. **Division Setup**: We start; 1; 1; 1. **Divide the first two; 1; 1. **Divide the first digit; 1; 1. Divide the first digit of the",1,False,"{'1': 10, '1. Divide the first digit of the': 2, '1. **Divide the first digit': 3, '1. **Division**: First, we': 1, '1. Divide 8536': 1, '1. **Divide the first two': 2, '1. **Division Setup**: We start': 1}"
8538 / 4269 = ,2,19,False,19; 19; 1; 19; 1; 1; 1; 1; 1; 19; 19; 1; 1; 1; 19; 1; 1; 1; 19; 19,1,False,"{'19': 8, '1': 12}"
8548 / 4274 = ,2,19,False,"1; 1; 1. **Divide the first digit; 1; 19; 19; 1; 19; 19; 19; 1; 1; 1. **Division**: First, we; 19; 19; 1. **Division Step**: First,; 19; 19; 19; 19",19,False,"{'1': 6, '1. **Divide the first digit': 1, '19': 11, '1. **Division**: First, we': 1, '1. **Division Step**: First,': 1}"
8550 / 4275 = ,2,1. **Division Setup**: Begin by,False,2; 1. **Identify the problem**:; 1. Divide 8550; 1. **Division Setup**:; 1. **Division Setup:**; 2; 1. Divide 8550; 2; 1. Divide: \( \frac{; 1. **Identify the problem:**; 1.693; 2; 1. Divide the dividend (85; 1.936; 2; 2; 1. **Divide the first two; 1. Divide: \( \frac{; 1.99; 1. **Divide the first two,2,True,"{'2': 6, '1. **Identify the problem**:': 1, '1. Divide 8550': 2, '1. **Division Setup**:': 1, '1. **Division Setup:**': 1, '1. Divide: \\( \\frac{': 2, '1. **Identify the problem:**': 1, '1.693': 1, '1. Divide the dividend (85': 1, '1.936': 1, '1. **Divide the first two': 2, '1.99': 1}"
8552 / 4276 = ,2,1. **Division Setup**: Begin by,False,"1. **Division**: First, we; 1. Divide both the numerator and denominator; 1.94; 1. **Division**: First, we; 1. **Division Setup:**; 1. Divide the first digit of the; 1. **Identify the problem**:; 1.93; 1. **Division**: First, we; 1.93; 1.93; 1.99; 1. **Division**: 
   \; 1.99; 1. **Identify the dividend and; 1. **Divide the first two; 1.943; 1. **Identify the problem**:; 1. **Division**: We start by; 1. **Division Setup:**","1. **Division**: First, we",False,"{'1. **Division**: First, we': 3, '1. Divide both the numerator and denominator': 1, '1.94': 1, '1. **Division Setup:**': 2, '1. Divide the first digit of the': 1, '1. **Identify the problem**:': 2, '1.93': 3, '1.99': 2, '1. **Division**: \n   \\': 1, '1. **Identify the dividend and': 1, '1. **Divide the first two': 1, '1.943': 1, '1. **Division**: We start by': 1}"
8553 - 8545 = ,8,10,False,10; 10; 10; 10; 1; 1; 10; 1; 1; 10; 1; 1; 10; 1; 1; 1; 10; 10; 10; 1,10,False,"{'10': 10, '1': 10}"
8554 / 4277 = ,2,1. **Division Setup**: We start,False,"1. **Division Setup**: Begin by; 1. **Division Calculation:**; 1. **Divide the first digit; 1. **Division Setup:**; 1. **Divide the first digits; 1. **Divide the first two; 1. **Divide**:; 1.904; 1. **Divide the first digits; 1. **Division Setup**: We start; 1. **Division Setup:**; 1.906; 1.963; 1. **Division**: 
   First; 1. **Divide the first two; 1. **Initialization**: We start by; 1. **Division Setup**: Begin by; 1. **Division Setup**:; 1. **Division Setup**:; 1.695",1. **Division Setup**: Begin by,False,"{'1. **Division Setup**: Begin by': 2, '1. **Division Calculation:**': 1, '1. **Divide the first digit': 1, '1. **Division Setup:**': 2, '1. **Divide the first digits': 2, '1. **Divide the first two': 2, '1. **Divide**:': 1, '1.904': 1, '1. **Division Setup**: We start': 1, '1.906': 1, '1.963': 1, '1. **Division**: \n   First': 1, '1. **Initialization**: We start by': 1, '1. **Division Setup**:': 2, '1.695': 1}"
8554 - 8545 = ,9,10,False,10; 10; 10; 10; 10; 10; 10; 10; 10; 10; 10; 10; 10; 10; 10; 10; 10; 10; 10; 10,10,False,{'10': 20}
8556 / 4278 = ,2,"1. **Division**: First, we",False,"1; 1. **Division Setup**: Begin by; 1; 1. **Division Setup**: Begin by; 1. **Division Setup**: Begin by; 1. **Divide the first two; 1. First, divide 85; 1. **Divide the first digit; 1; 1. **Division Setup**: We start; 1. **Division**: First, we; 1. **Division Step**: First,; 1. **Division Calculation:**; 1. **Divide the first digit; 1. **Division Setup**: We start; 1; 1; 1; 1. Divide both numbers by their greatest; 1",1,False,"{'1': 7, '1. **Division Setup**: Begin by': 3, '1. **Divide the first two': 1, '1. First, divide 85': 1, '1. **Divide the first digit': 2, '1. **Division Setup**: We start': 2, '1. **Division**: First, we': 1, '1. **Division Step**: First,': 1, '1. **Division Calculation:**': 1, '1. Divide both numbers by their greatest': 1}"
8558 / 4279 = ,2,1. **Division Setup**: We start,False,"1. **Identify the Problem**:; 1.963; 1. **Division**: Start by dividing; 1.664 (rounded to; 1. **Divide the first digits; 1. **Identify the problem:**; 1. **Setup the Division:**; 1. **Division**: 
   We; 1.903; 1. **Division Step:**; 1.68; 1. **Divide the first two; 1. **Identify Divisibility; 1. **Division**: Perform the division; 1. **Setup Division**: Begin with; 1. **Divide the first digits; 1. **Division Setup:**; 1. **Setup Division**: We need; 1.673 (rounded to; 1. **Division**: 
   We",1. **Divide the first digits,False,"{'1. **Identify the Problem**:': 1, '1.963': 1, '1. **Division**: Start by dividing': 1, '1.664 (rounded to': 1, '1. **Divide the first digits': 2, '1. **Identify the problem:**': 1, '1. **Setup the Division:**': 1, '1. **Division**: \n   We': 2, '1.903': 1, '1. **Division Step:**': 1, '1.68': 1, '1. **Divide the first two': 1, '1. **Identify Divisibility': 1, '1. **Division**: Perform the division': 1, '1. **Setup Division**: Begin with': 1, '1. **Division Setup:**': 1, '1. **Setup Division**: We need': 1, '1.673 (rounded to': 1}"
8558 - 8555 = ,3,10,False,2; 2; 2; 2; 10; 2; 2; 10; 2; 2; 10; 10; 10; 2; 2; 2; 2; 2; 10; 10,2,False,"{'2': 13, '10': 7}"
8568 / 4284 = ,2,19,False,1; 19; 19; 19; 1; 19; 19; 19; 19; 19; 1; 1; 1; 19; 19; 19; 1; 1; 19; 19,19,False,"{'1': 7, '19': 13}"
8570 / 4285 = ,2,19,False,"1. **Divide**: Divide the; 1.96; 1. **Initialization**: 
   -; 1. **Division**: We start by; 19; 19; 19; 1. **Division Setup:**; 1; 1.93; 1. **Division Setup:**; 19; 19; 19; 1. **Identify the problem**:; 19; 1; 1. **Division Step-by-Step; 1; 19",19,False,"{'1. **Divide**: Divide the': 1, '1.96': 1, '1. **Initialization**: \n   -': 1, '1. **Division**: We start by': 1, '19': 8, '1. **Division Setup:**': 2, '1': 3, '1.93': 1, '1. **Identify the problem**:': 1, '1. **Division Step-by-Step': 1}"
8572 / 4286 = ,2,19,False,1; 19; 19; 19; 1; 19; 19; 1; 1; 1; 19; 19; 19; 1; 1; 19; 1; 19; 1; 1,1,False,"{'1': 10, '19': 10}"
8578 / 4289 = ,2,19,False,19; 1; 19; 19; 19; 19; 19; 19; 19; 1; 19; 19; 19; 19; 19; 19; 1; 19; 19; 19,19,False,"{'19': 17, '1': 3}"
8586 - 8578 = ,8,10,False,10; 10; 10; 10; 10; 10; 10; 10; 10; 10; 10; 10; 10; 10; 10; 10; 10; 10; 10; 10,10,False,{'10': 20}
8587 - 8578 = ,9,10,False,10; 10; 10; 10; 10; 10; 10; 10; 10; 10; 10; 10; 10; 10; 10; 10; 10; 10; 10; 10,10,False,{'10': 20}
8588 / 4294 = ,2,19,False,1; 19; 19; 19; 1; 19; 1; 1; 1; 19; 19; 1; 19; 19; 1; 19; 1; 1; 1; 19,1,False,"{'1': 10, '19': 10}"
8596 / 4298 = ,2,1. **Division Setup**: We start,False,"1. **Division Calculation**: First,; 1. **Division Step:**; 1; 1. **Division Step**: First,; 1. **Divide the first digit; 1. **Division Step**:; 1. **Divide the first digit; 1. **Division**: 
   \; 1. **Divide**: First,; 1. Divide 8596; 1. **Division**: First, perform; 1; 1; 1. **Divide the first digits; 1. Divide 8596; 1; 1. **Divide the first digit; 1. **Identify the Divisor; 1; 1",1,False,"{'1. **Division Calculation**: First,': 1, '1. **Division Step:**': 1, '1': 6, '1. **Division Step**: First,': 1, '1. **Divide the first digit': 3, '1. **Division Step**:': 1, '1. **Division**: \n   \\': 1, '1. **Divide**: First,': 1, '1. Divide 8596': 2, '1. **Division**: First, perform': 1, '1. **Divide the first digits': 1, '1. **Identify the Divisor': 1}"
8598 / 4299 = ,2,1. **Division Setup**: We start,False,1. **Division Setup**: We start; 1. **Divide the first digits; 1.73; 1.635; 1; 1.637 (rounded to; 1.603; 1.67; 1; 1; 1. **Identify the problem**:; 1. **Division Setup**: We start; 1. **Identify the problem**:; 1; 1; 1.96; 1.706; 1; 1. **Divide the first digit; 1.76,1,False,"{'1. **Division Setup**: We start': 2, '1. **Divide the first digits': 1, '1.73': 1, '1.635': 1, '1': 6, '1.637 (rounded to': 1, '1.603': 1, '1.67': 1, '1. **Identify the problem**:': 2, '1.96': 1, '1.706': 1, '1. **Divide the first digit': 1, '1.76': 1}"
8653 - 8645 = ,8,10,False,10; 10; 10; 10; 10; 10; 10; 10; 10; 10; 10; 10; 10; 10; 10; 10; 10; 10; 10; 10,10,False,{'10': 20}
8654 - 8645 = ,9,10,False,10; 1; 10; 1; 10; 1; 1; 10; 10; 1; 10; 10; 1; 1; 1; 10; 10; 1; 1; 10,10,False,"{'10': 10, '1': 10}"
8665 - 8656 = ,9,10,False,10; 10; 10; 10; 10; 10; 10; 10; 10; 10; 10; 10; 10; 10; 10; 10; 10; 10; 10; 10,10,False,{'10': 20}
8675 - 8667 = ,8,10,False,10; 10; 10; 10; 10; 10; 10; 10; 10; 10; 10; 10; 10; 10; 10; 10; 10; 10; 10; 10,10,False,{'10': 20}
8686 - 8677 = ,9,13,False,13; 13; 9; 9; 9; 13; 9; 13; 13; 13; 13; 9; 12; 9; 10; 10; 10; 13; 13; 13,13,False,"{'13': 10, '9': 6, '12': 1, '10': 3}"
8686 - 8678 = ,8,10,False,10; 10; 10; 10; 10; 10; 10; 10; 10; 10; 10; 10; 10; 10; 10; 10; 10; 10; 10; 10,10,False,{'10': 20}
8716 - 8711 = ,5,10,False,10; 0; 1; 1; 0; 10; 10; 10; 10; 1; 10; 10; 1; 0; 1; 10; 10; 1; 1; 0,10,False,"{'10': 9, '0': 4, '1': 7}"
8721 - 8712 = ,9,10,False,10; 10; 10; 10; 10; 10; 10; 10; 10; 10; 10; 10; 10; 10; 10; 10; 10; 10; 10; 10,10,False,{'10': 20}
8742 - 8734 = ,8,10,False,10; 10; 1; 10; 10; 10; 1; 10; 10; 10; 10; 10; 1; 10; 1; 10; 1; 10; 10; 10,10,False,"{'10': 15, '1': 5}"
8754 - 8745 = ,9,10,False,1; 10; 10; 10; 1; 10; 1; 10; 10; 10; 1; 1; 10; 10; 10; 10; 10; 10; 10; 10,10,False,"{'1': 5, '10': 15}"
8770 - 8767 = ,3,10,False,13; 13; 10; 10; 10; 10; 10; 13; 13; 10; 10; 13; 13; 10; 10; 10; 10; 10; 10; 10,10,False,"{'13': 6, '10': 14}"
8786 - 8778 = ,8,10,False,10; 10; 10; 10; 10; 10; 10; 10; 10; 10; 10; 10; 10; 10; 10; 10; 10; 10; 10; 10,10,False,{'10': 20}
8787 - 8778 = ,9,10,False,10; 10; 10; 10; 10; 10; 10; 10; 10; 10; 10; 10; 10; 10; 10; 10; 10; 10; 10; 10,10,False,{'10': 20}
8842 - 8834 = ,8,10,False,10; 10; 10; 10; 10; 10; 10; 10; 10; 10; 10; 10; 10; 10; 10; 10; 10; 10; 10; 10,10,False,{'10': 20}
8843 - 8834 = ,9,10,False,10; 10; 10; 10; 10; 10; 10; 10; 10; 10; 10; 10; 10; 10; 10; 10; 10; 10; 10; 10,10,False,{'10': 20}
8853 - 8845 = ,8,10,False,10; 10; 10; 10; 10; 10; 10; 10; 10; 10; 10; 10; 10; 10; 10; 10; 10; 10; 10; 10,10,False,{'10': 20}
8865 - 8856 = ,9,10,False,10; 10; 10; 10; 10; 10; 10; 10; 10; 10; 10; 10; 10; 10; 10; 10; 10; 10; 10; 10,10,False,{'10': 20}
8876 - 8867 = ,9,10,False,10; 10; 10; 10; 10; 10; 10; 10; 10; 10; 10; 10; 10; 10; 10; 10; 10; 10; 10; 10,10,False,{'10': 20}
8887 - 8878 = ,9,10,False,10; 10; 10; 10; 10; 10; 10; 10; 10; 10; 10; 10; 10; 10; 10; 10; 10; 10; 10; 10,10,False,{'10': 20}
8932 - 8923 = ,9,10,False,10; 10; 10; 10; 10; 10; 10; 10; 10; 10; 10; 10; 10; 10; 10; 10; 10; 10; 10; 10,10,False,{'10': 20}
8953 - 8945 = ,8,10,False,10; 10; 10; 10; 10; 10; 10; 10; 10; 10; 10; 10; 10; 10; 10; 10; 10; 10; 10; 10,10,False,{'10': 20}
8954 - 8945 = ,9,10,False,10; 1; 10; 10; 10; 1; 1; 10; 10; 10; 10; 10; 1; 10; 1; 10; 10; 10; 10; 1,10,False,"{'10': 14, '1': 6}"
8964 - 8956 = ,8,10,False,2; 10; 10; 2; 8; 2; 10; 10; 2; 10; 10; 8; 8; 2; 8; 8; 8; 10; 10; 8,10,False,"{'2': 5, '10': 8, '8': 7}"
8986 - 8978 = ,8,10,False,10; 10; 10; 10; 10; 10; 10; 10; 10; 10; 10; 10; 10; 10; 10; 10; 10; 10; 10; 10,10,False,{'10': 20}
8987 - 8978 = ,9,10,False,10; 10; 10; 10; 10; 10; 10; 10; 10; 10; 10; 10; 10; 10; 10; 10; 10; 10; 10; 10,10,False,{'10': 20}
8995 / 8995 = ,1,10000,False,10000; 10; 10000; 1; 10; 1; 10; 1; 1; 10; 1; 10000; 1; 1; 1; 10000; 10000; 1; 1; 10000,1,True,"{'10000': 6, '10': 4, '1': 10}"
8997 - 8989 = ,8,10,False,10; 10; 10; 10; 10; 10; 10; 10; 10; 10; 10; 10; 10; 10; 10; 10; 10; 10; 10; 10,10,False,{'10': 20}
8998 / 4499 = ,2,19,False,2; 19; 19; 2; 2; 19; 19; 1; 19; 19; 2; 19; 20; 201; 19; 19; 19; 19; 19; 19,19,False,"{'2': 4, '19': 13, '1': 1, '20': 1, '201': 1}"
8998 - 8989 = ,9,10,False,10; 10; 10; 10; 10; 10; 10; 10; 10; 10; 10; 10; 10; 10; 10; 10; 10; 10; 10; 10,10,False,{'10': 20}
9000 / 9000 = ,1,10,False,10; 10; 10; 10; 1; 10; 1; 10; 10; 10; 1; 10; 10; 10; 10; 10; 1; 10; 10; 1,10,False,"{'10': 15, '1': 5}"
9010 - 9001 = ,9,10,False,10; 10; 10; 10; 10; 10; 10; 10; 10; 10; 10; 10; 10; 10; 10; 10; 10; 10; 10; 10,10,False,{'10': 20}
9014 / 4507 = ,2,20,False,2; 2; 20; 2; 20; 2; 20; 20; 20; 20; 20; 2; 20; 2; 20; 20; 2; 20; 2; 2,20,False,"{'2': 9, '20': 11}"
9030 / 3010 = ,3,30,False,30; 30; 3; 30; 30; 3; 3; 30; 30; 3; 30; 3; 3; 30; 30; 3; 30; 30; 30; 30,30,False,"{'30': 13, '3': 7}"
9030 / 9030 = ,1,10,False,10; 10; 1; 10; 10; 10; 10; 1; 1; 10; 10; 10; 10; 1; 1; 10; 10; 10; 10; 10,10,False,"{'10': 15, '1': 5}"
9042 - 9034 = ,8,10,False,10; 10; 10; 10; 10; 10; 10; 10; 10; 10; 10; 10; 10; 10; 10; 10; 10; 10; 10; 10,10,False,{'10': 20}
9052 - 9045 = ,7,10,False,1; 10; 10; 1; 1; 10; 10; 10; 10; 10; 1; 10; 1; 10; 10; 10; 10; 1; 1; 10,10,False,"{'1': 7, '10': 13}"
9060 / 9060 = ,1,10,False,10; 1; 1; 10; 10; 10; 1; 10; 10; 1; 10; 10; 10; 1; 1; 10; 1; 10; 10; 1,10,False,"{'10': 12, '1': 8}"
9065 - 9056 = ,9,10,False,10; 10; 10; 10; 10; 11; 10; 11; 11; 10; 10; 11; 10; 10; 11; 10; 10; 10; 10; 10,10,False,"{'10': 15, '11': 5}"
9076 - 9067 = ,9,10,False,10; 10; 1; 10; 10; 1; 10; 10; 10; 10; 1; 1; 10; 1; 10; 10; 10; 10; 10; 10,10,False,"{'10': 15, '1': 5}"
9080 / 9080 = ,1,10,False,1; 1; 10; 1; 1; 10; 10; 10; 1; 1; 1; 1; 1; 1; 1; 1; 10; 10; 10; 10,1,True,"{'1': 12, '10': 8}"
9090 / 4545 = ,2,20,False,20; 20; 20; 20; 20; 20; 20; 20; 20; 20; 2; 2; 20; 2; 20; 20; 20; 20; 20; 20,20,False,"{'20': 17, '2': 3}"
9090 / 9090 = ,1,10,False,10; 1; 10; 10; 10; 10; 10; 10; 10; 10; 10; 1; 1; 10; 1; 10; 10; 1; 10; 10,10,False,"{'10': 15, '1': 5}"
9112 / 4556 = ,2,20,False,2; 20; 20; 2; 20; 20; 20; 2; 20; 2; 20; 2; 20; 2; 2; 2; 20; 2; 20; 20,20,False,"{'2': 9, '20': 11}"
9121 / 9121 = ,1,10,False,1; 10; 1; 10000; 10000; 10000; 10000; 10000; 10000; 1; 10; 10; 10000; 10; 10; 10; 10000; 10; 1; 1,10000,False,"{'1': 5, '10': 7, '10000': 8}"
9124 / 4562 = ,2,20,False,20; 20; 20; 20; 20; 20; 20; 20; 20; 20; 20; 20; 20; 20; 20; 20; 20; 20; 20; 20,20,False,{'20': 20}
9129 / 9129 = ,1,10,False,1; 10; 10; 1; 10; 10; 10; 10; 10; 10; 10; 10; 10; 1; 10; 10; 10; 10; 10; 1,10,False,"{'1': 4, '10': 16}"
9130 / 9130 = ,1,10,False,1; 10; 10; 1; 1; 1; 10; 10; 10; 10; 10; 10; 10; 1; 1; 10; 10; 1; 1; 1,10,False,"{'1': 9, '10': 11}"
9132 / 4566 = ,2,20,False,2; 20; 20; 20; 20; 20; 20; 2; 20; 20; 20; 2; 20; 20; 20; 20; 20; 20; 20; 20,20,False,"{'2': 3, '20': 17}"
9132 - 9123 = ,9,10,False,10; 10; 0; 10; 0; 10; 0; 10; 10; 10; 10; 10; 10; 10; 10; 0; 10; 10; 0; 0,10,False,"{'10': 14, '0': 6}"
9132 / 9132 = ,1,10,False,10000; 10000; 1; 100%; 1; 10; 1; 1; 1; 10000; 1000; 10; 10; 1; 1; 1; 10; 1; 10; 1006,1,True,"{'10000': 3, '1': 9, '100%': 1, '10': 5, '1000': 1, '1006': 1}"
9133 / 9133 = ,1,1026,False,10265; 10265; 10265; 1026.4; 10265; 10; 10266; 1; 10066; 1; 1; 10004; 1; 1; 10266; 1; 1026; 10; 1; 1,1,True,"{'10265': 4, '1026.4': 1, '10': 2, '10266': 2, '1': 8, '10066': 1, '10004': 1, '1026': 1}"
9134 / 4567 = ,2,20,False,20; 20; 20; 20; 20; 20; 20; 20; 20; 20; 20; 20; 20; 20; 20; 20; 20; 20; 20; 20,20,False,{'20': 20}
9135 / 9135 = ,1,1026,False,1026; 1; 1026; 1; 1026; 1; 1026; 1028; 1; 1; 1; 1028; 1024; 1; 1026; 10; 10; 1026; 1026; 1,1,True,"{'1026': 7, '1': 8, '1028': 2, '1024': 1, '10': 2}"
9136 / 4568 = ,2,20,False,2; 2; 2; 2; 2; 20; 2; 2; 2; 2; 2; 20; 2; 2; 2; 20; 20; 20; 2; 20,2,True,"{'2': 14, '20': 6}"
9137 / 9137 = ,1,10,False,1; 10; 10000; 10; 1; 1; 10; 10000; 10; 10265; 1; 1; 10; 1; 1; 1; 1; 10000; 10000; 1,1,True,"{'1': 10, '10': 5, '10000': 4, '10265': 1}"
9140 / 9140 = ,1,10,False,10; 10; 10; 10; 10; 10; 10; 10; 10; 10; 10; 10; 10; 10; 10; 10; 10; 10; 10; 10,10,False,{'10': 20}
9141 / 9141 = ,1,10,False,10; 1; 1; 10; 1; 1; 1; 10; 1; 1; 1; 10000; 10; 10; 10; 10000; 1; 1; 1; 10000,1,True,"{'10': 6, '1': 11, '10000': 3}"
9142 - 9134 = ,8,10,False,10; 1; 10; 1; 10; 10; 1; 10; 10; 10; 1; 10; 1; 1; 1; 10; 1; 1; 10; 1,10,False,"{'10': 10, '1': 10}"
9144 / 9144 = ,1,10,False,10; 10; 10; 10; 10; 10; 10; 10; 10; 10; 10; 10; 10; 10; 10; 10; 10; 10; 10; 10,10,False,{'10': 20}
9145 / 9145 = ,1,10,False,10296; 10; 1029; 10; 10; 1028; 10; 1; 10; 1028; 10; 1; 10; 1028; 1; 10; 10; 1028; 10; 1,10,False,"{'10296': 1, '10': 10, '1029': 1, '1028': 4, '1': 4}"
9147 / 9147 = ,1,10,False,10; 1; 10; 10; 10; 10; 10; 10; 10; 10; 10; 1; 10; 1; 10; 10; 1; 10; 10; 10,10,False,"{'10': 16, '1': 4}"
9148 / 9148 = ,1,10,False,10; 1; 1; 1; 10; 1; 10; 10; 10; 10; 1; 1; 10; 10; 10; 10; 1; 1; 10; 10,10,False,"{'10': 12, '1': 8}"
9149 / 9149 = ,1,10,False,10; 1025; 10237; 10258; 1029; 10; 10; 10; 10; 10235; 10298; 10; 1028; 10202; 10258; 10; 10250; 10; 10283; 10230,10,False,"{'10': 8, '1025': 1, '10237': 1, '10258': 2, '1029': 1, '10235': 1, '10298': 1, '1028': 1, '10202': 1, '10250': 1, '10283': 1, '10230': 1}"
9153 - 9145 = ,8,10,False,10; 10; 10; 10; 10; 10; 10; 10; 10; 10; 10; 10; 10; 10; 10; 10; 10; 10; 10; 10,10,False,{'10': 20}
9159 / 9159 = ,1,10,False,10; 1; 1; 10; 1; 1; 1; 1; 10; 10; 1; 1; 10; 1; 10; 1; 10; 10; 1; 10,1,True,"{'10': 9, '1': 11}"
9165 / 9165 = ,1,10,False,10; 10; 1; 10; 10; 1; 10; 10; 1023; 1; 10; 1; 1; 10; 10; 1; 10; 10; 10; 1023,10,False,"{'10': 12, '1': 6, '1023': 2}"
9175 / 9175 = ,1,10,False,10000; 10; 1; 10; 1; 10; 10; 10000; 10; 1; 1; 10; 1; 10; 10; 10; 1; 10000; 1; 1,10,False,"{'10000': 3, '10': 9, '1': 8}"
9177 / 9177 = ,1,10,False,1; 10; 1; 10; 10; 10; 10000; 1; 10000; 10000; 10; 10000; 1; 1; 1; 1; 10; 10000; 10000; 1,1,True,"{'1': 8, '10': 6, '10000': 6}"
9179 / 9179 = ,1,10,False,10; 10; 10; 10000; 10; 10000; 10; 10; 10; 10; 10; 10; 10; 10; 10000; 10000; 10000; 10; 10; 10,10,False,"{'10': 15, '10000': 5}"
9189 / 9189 = ,1,10,False,9; 10; 9; 1; 9; 10; 10; 1; 9; 9; 9; 1; 9; 10; 10; 9; 9; 10; 9; 1,9,False,"{'9': 10, '10': 6, '1': 4}"
9191 / 9191 = ,1,10,False,10; 1; 1; 10; 10; 1; 10; 10; 1; 1; 1; 1; 10; 10; 1; 10; 10; 10000; 100; 1000,10,False,"{'10': 9, '1': 8, '10000': 1, '100': 1, '1000': 1}"
9192 / 4596 = ,2,20,False,2; 20; 20; 20; 20; 20; 20; 20; 20; 20; 20; 20; 20; 20; 20; 20; 20; 20; 2; 20,20,False,"{'2': 2, '20': 18}"
9192 / 9192 = ,1,10,False,10; 1; 1000; 10000; 10; 10; 1000; 1; 1; 1000; 1; 10000; 10; 1; 10; 1; 10; 10; 10; 10,10,False,"{'10': 9, '1': 6, '1000': 3, '10000': 2}"
9193 / 9193 = ,1,10000,False,10000; 10004; 1; 1; 10000; 1; 10000; 1; 10286; 10000; 10000; 1; 10; 1; 10; 10000; 10000; 10000; 10000; 10,10000,False,"{'10000': 9, '10004': 1, '1': 6, '10286': 1, '10': 3}"
9194 / 4597 = ,2,20,False,20; 2; 20; 20; 20; 20; 2; 20; 2; 20; 20; 2; 20; 2; 2; 2; 20; 20; 2; 20,20,False,"{'20': 12, '2': 8}"
9195 / 9195 = ,1,10,False,1; 10; 1; 10000; 1; 1038; 10; 10; 10302; 10000; 10; 10; 10; 10000; 1; 1; 10000; 10000; 10306; 10000,10,False,"{'1': 5, '10': 6, '10000': 6, '1038': 1, '10302': 1, '10306': 1}"
9198 - 9189 = ,9,10,False,10; 10; 10; 10; 10; 10; 10; 10; 10; 10; 10; 10; 10; 10; 10; 10; 10; 10; 10; 10,10,False,{'10': 20}
9211 / 9211 = ,1,10000,False,10322; 10000; 1032; 10000; 1010; 10000; 10000; 10000; 10000; 10000; 10001; 1012; 10000; 10000; 10322; 10000; 1012; 10000; 10000; 10000,10000,False,"{'10322': 2, '10000': 13, '1032': 1, '1010': 1, '10001': 1, '1012': 2}"
9218 - 9211 = ,7,10,False,10; 10; 10; 10; 1; 10; 10; 1; 10; 10; 10; 0; 0; 0; 10; 0; 10; 1; 10; 0,10,False,"{'10': 12, '1': 3, '0': 5}"
9220 / 9220 = ,1,10,False,10; 10; 10; 10; 10; 10; 10; 10; 10; 10; 1; 10; 1; 10; 10; 1; 10; 1; 10; 10,10,False,"{'10': 16, '1': 4}"
9221 / 9221 = ,1,10000,False,10000; 10143; 1011; 10043; 10000; 10000; 10000; 10000; 10132; 10143; 1011; 10043; 1010; 10000; 10000; 10043; 10042; 10041; 10000; 10000,10000,False,"{'10000': 9, '10143': 2, '1011': 2, '10043': 3, '10132': 1, '1010': 1, '10042': 1, '10041': 1}"
9222 / 4611 = ,2,20,False,20; 20; 20; 20; 20; 20; 20; 20; 20; 20; 20; 20; 20; 20; 20; 20; 20; 20; 20; 20,20,False,{'20': 20}
9224 / 9224 = ,1,10,False,1; 10; 10; 1; 1; 10; 1; 1; 1; 10; 1; 10; 10; 1; 10; 10; 10; 1; 10; 10,10,False,"{'1': 9, '10': 11}"
9225 / 9225 = ,1,10,False,1; 10; 1; 1; 10; 10; 10; 10; 10; 1; 10; 1; 1; 10; 10; 1; 1; 10; 10; 1,10,False,"{'1': 9, '10': 11}"
9228 / 9228 = ,1,10,False,10; 10; 10; 1014; 10; 10; 10; 1; 10; 10; 1014; 1; 1014; 1; 1; 10; 10; 10; 10; 10,10,False,"{'10': 13, '1014': 3, '1': 4}"
9229 / 9229 = ,1,10,False,10; 10; 10; 1011; 1011; 10; 1011; 10; 10101; 10138; 10; 10138; 10; 10110; 10; 10; 10; 1011; 10138; 10110,10,False,"{'10': 10, '1011': 4, '10101': 1, '10138': 3, '10110': 2}"
9233 / 9233 = ,1,101,False,101; 1; 101; 10165; 1; 10167; 1; 10101; 1; 1; 101; 10165; 1; 10166; 10104; 10104; 101; 1; 1; 10000,1,True,"{'101': 4, '1': 8, '10165': 2, '10167': 1, '10101': 1, '10166': 1, '10104': 2, '10000': 1}"
9252 - 9245 = ,7,10,False,10; 10; 10; 10; 10; 10; 10; 10; 10; 10; 10; 10; 10; 10; 10; 10; 10; 10; 10; 10,10,False,{'10': 20}
9253 - 9245 = ,8,10,False,10; 10; 10; 10; 10; 10; 10; 10; 10; 10; 10; 10; 10; 10; 10; 10; 10; 10; 10; 10,10,False,{'10': 20}
9254 - 9245 = ,9,10,False,10; 10; 10; 10; 10; 10; 10; 10; 10; 10; 10; 10; 10; 10; 10; 10; 10; 10; 10; 10,10,False,{'10': 20}
9259 / 9259 = ,1,10510,False,10518; 10510; 1; 10510; 10518; 10510; 10518; 10518; 1; 1; 1; 10510; 10510; 10; 1; 10; 10; 1; 1; 10510,1,True,"{'10518': 4, '10510': 6, '1': 7, '10': 3}"
9261 / 9261 = ,1,10001,False,1; 10001; 10001; 10368; 10001; 10001; 10001; 10000; 10368; 1; 10001; 10000; 1; 10000; 1; 10368; 10368; 10001; 10001; 1,10001,False,"{'1': 5, '10001': 8, '10368': 4, '10000': 3}"
9265 - 9256 = ,9,10,False,9; 10; 1; 1; 9; 10; 1; 9; 10; 1; 10; 10; 1; 10; 9; 1; 9; 10; 10; 1,10,False,"{'9': 5, '10': 8, '1': 7}"
9279 / 9279 = ,1,10158,False,10168; 10; 10158; 10158; 10; 10158; 10158; 10168; 10; 10168; 10; 10168; 10168; 10168; 10168; 10158; 10158; 10; 10; 10,10168,False,"{'10168': 7, '10': 7, '10158': 6}"
9286 - 9278 = ,8,10,False,10; 10; 10; 10; 10; 10; 10; 10; 10; 10; 10; 10; 10; 10; 10; 10; 10; 10; 10; 10,10,False,{'10': 20}
9287 - 9278 = ,9,10,False,10; 1; 10; 10; 10; 1; 10; 10; 10; 1; 1; 1; 1; 1; 1; 10; 1; 10; 1; 1,1,False,"{'10': 9, '1': 11}"
9289 / 9289 = ,1,10576,False,10576; 1; 1; 10576; 1; 1; 1; 1; 1; 10576; 10573; 1; 10576; 1; 10576; 10576; 1; 10; 10568; 10576,1,True,"{'10576': 7, '1': 10, '10573': 1, '10': 1, '10568': 1}"
9290 / 9290 = ,1,10,False,10; 1; 10; 1; 10; 1; 1; 1; 10; 10; 10; 10; 10; 10; 10; 10; 10; 10; 10; 10,10,False,"{'10': 15, '1': 5}"
9291 / 9291 = ,1,10000,False,1; 10; 10000; 1; 1; 10101; 10100; 1; 10101; 10; 1; 1; 1; 10; 1; 10000; 10000; 1; 1; 10000,1,True,"{'1': 10, '10': 3, '10000': 4, '10101': 2, '10100': 1}"
9292 / 2323 = ,4,40,False,40; 40; 40; 40; 40; 40; 40; 40; 40; 40; 40; 40; 40; 40; 40; 40; 40; 40; 40; 40,40,False,{'40': 20}
9293 / 9293 = ,1,10000,False,10586; 10184; 10; 1018; 1; 1; 10504; 1; 10; 10000; 1; 10; 10186; 10000; 1058.4; 10; 10; 10; 1018; 10,10,False,"{'10586': 1, '10184': 1, '10': 7, '1018': 2, '1': 4, '10504': 1, '10000': 2, '10186': 1, '1058.4': 1}"
9295 / 9295 = ,1,10,False,10; 10; 10500; 10000; 10; 10000; 10000; 10; 10100; 10000; 10000; 10000; 1058.333; 1018; 10194; 10; 10; 10000; 10000; 10000,10000,False,"{'10': 6, '10500': 1, '10000': 9, '10100': 1, '1058.333': 1, '1018': 1, '10194': 1}"
9297 / 9297 = ,1,10,False,10000; 10; 10101; 10; 10; 1; 10000; 10000; 1; 10; 1; 10; 10000; 1; 10; 10000; 10198; 10; 1; 10000,10,False,"{'10000': 6, '10': 7, '10101': 1, '1': 5, '10198': 1}"
9298 - 9289 = ,9,10,False,10; 10; 10; 10; 10; 10; 10; 10; 10; 10; 10; 10; 10; 10; 10; 10; 10; 10; 10; 10,10,False,{'10': 20}
9299 / 9299 = ,1,10,False,1; 10; 10000; 1; 10000; 1; 1; 10000; 1; 10; 10; 1; 10; 1; 10; 1; 10; 1; 1; 10000,1,True,"{'1': 10, '10': 6, '10000': 4}"
9311 / 9311 = ,1,10000,False,10000; 10; 10000; 10000; 10; 10000; 10000; 10000; 10000; 10000; 10000; 10; 10; 10000; 10000; 10; 10000; 10000; 10; 10000,10000,False,"{'10000': 14, '10': 6}"
9313 / 9313 = ,1,10026,False,1; 1; 10; 10; 10624; 10; 10026; 10026; 10026; 10026; 10026; 1; 1; 1; 1; 10026; 1; 10; 10026; 10026,10026,False,"{'1': 7, '10': 4, '10624': 1, '10026': 8}"
9315 / 9315 = ,1,10,False,10020; 1; 10; 1; 10; 10; 1; 10000; 1; 1; 1; 10; 10; 10; 10; 10000; 1; 10000; 10; 10,10,False,"{'10020': 1, '1': 7, '10': 9, '10000': 3}"
9316 / 2329 = ,4,40,False,40; 4; 4; 40; 40; 40; 40; 4; 40; 4; 4; 40; 4; 40; 40; 4; 4; 40; 40; 40,40,False,"{'40': 12, '4': 8}"
9316 - 9311 = ,5,10,False,10; 10; 0; 10; 10; 10; 10; 10; 0; 10; 10; 10; 10; 10; 10; 10; 10; 10; 0; 10,10,False,"{'10': 17, '0': 3}"
9318 - 9311 = ,7,10,False,10; 10; 10; 10; 10; 10; 10; 10; 10; 10; 10; 10; 10; 10; 10; 10; 10; 10; 10; 10,10,False,{'10': 20}
9321 - 9312 = ,9,10,False,10; 1; 1; 9; 9; 10; 9; 1; 1; 1; 10; 10; 10; 10; 1; 9; 10; 10; 1; 1,10,False,"{'10': 8, '1': 8, '9': 4}"
9321 / 9321 = ,1,10000,False,10000; 1; 1; 1; 1; 1; 10000; 1; 1; 1; 10000; 1; 1; 1; 1; 10000; 1; 1; 10000; 10000,1,True,"{'10000': 6, '1': 14}"
9324 / 4662 = ,2,20,False,20; 20; 20; 2; 2; 20; 2; 20; 20; 2; 20; 20; 2; 20; 2; 20; 20; 2; 2; 2,20,False,"{'20': 11, '2': 9}"
9324 / 9324 = ,1,10685,False,1068; 10648; 10658; 10685; 1; 1; 1; 10685; 1; 1068; 10687; 1; 1; 10685; 1068; 10685; 1; 1; 10656; 10685,1,True,"{'1068': 3, '10648': 1, '10658': 1, '10685': 5, '1': 8, '10687': 1, '10656': 1}"
9330 / 9330 = ,1,10,False,10; 10; 10; 10; 10; 10; 10; 10; 10; 10; 10; 10; 10; 10; 10; 10; 10; 10; 10; 10,10,False,{'10': 20}
9331 / 9331 = ,1,10,False,10000; 10642; 1; 1; 10; 10; 10000; 1; 10; 10000; 1; 10; 10662; 10; 1; 10000; 1; 10000; 10662; 10,1,True,"{'10000': 5, '10642': 1, '1': 6, '10': 6, '10662': 2}"
9332 - 9323 = ,9,10,False,10; 10; 10; 10; 10; 10; 10; 10; 10; 10; 10; 10; 10; 10; 10; 10; 10; 10; 10; 10,10,False,{'10': 20}
9332 / 9332 = ,1,10674,False,10664; 10685; 106.45; 10685; 106.5; 10664; 1068; 10664; 10643; 10664; 106; 10647; 10664; 106; 10664; 10675; 10648; 10664; 10648; 10664,10664,False,"{'10664': 8, '10685': 2, '106.45': 1, '106.5': 1, '1068': 1, '10643': 1, '106': 2, '10647': 1, '10675': 1, '10648': 2}"
9333 / 9333 = ,1,10,False,10; 10; 10; 10; 10; 10; 10; 10; 10; 10; 1; 10; 10; 10; 10; 10; 10; 10; 10; 10,10,False,"{'10': 19, '1': 1}"
9335 / 9335 = ,1,10,False,10; 1068; 1; 1; 10; 1; 1; 10; 1; 10; 10; 1069; 1; 106; 1068; 1; 1; 10; 1; 1,1,True,"{'10': 6, '1068': 2, '1': 10, '1069': 1, '106': 1}"
9339 / 9339 = ,1,10,False,10; 1; 10; 10; 10; 10; 10; 1; 10; 10; 10; 10; 10; 10; 10; 10; 10678; 10678; 10; 10,10,False,"{'10': 16, '1': 2, '10678': 2}"
9342 - 9334 = ,8,10,False,10; 10; 10; 10; 10; 1; 1; 10; 10; 10; 10; 10; 10; 1; 1; 1; 10; 10; 1; 10,10,False,"{'10': 14, '1': 6}"
9343 - 9334 = ,9,10,False,10; 10; 10; 10; 10; 10; 10; 10; 10; 10; 10; 10; 10; 10; 10; 10; 10; 10; 10; 1,10,False,"{'10': 19, '1': 1}"
9352 - 9345 = ,7,10,False,10; 10; 1; 10; 1; 10; 10; 10; 10; 10; 10; 10; 10; 1; 1; 1; 10; 1; 1; 10,10,False,"{'10': 13, '1': 7}"
9353 - 9345 = ,8,10,False,10; 10; 10; 10; 10; 10; 10; 10; 10; 10; 10; 10; 10; 10; 10; 10; 10; 10; 10; 10,10,False,{'10': 20}
9354 - 9345 = ,9,10,False,10; 10; 10; 10; 10; 10; 10; 10; 10; 10; 10; 10; 10; 10; 10; 10; 10; 10; 10; 10,10,False,{'10': 20}
9370 - 9367 = ,3,10,False,10; 10; 10; 10; 10; 10; 10; 10; 10; 10; 10; 10; 10; 10; 10; 10; 10; 10; 10; 10,10,False,{'10': 20}
9375 / 9375 = ,1,10,False,10; 10; 10000; 10; 10; 10; 10; 10000; 10000; 10; 10; 10; 10; 10; 10; 10; 10; 10000; 10; 10,10,False,"{'10': 16, '10000': 4}"
9376 - 9367 = ,9,10,False,10; 10; 10; 10; 10; 10; 10; 10; 10; 10; 10; 10; 10; 10; 10; 10; 10; 10; 10; 10,10,False,{'10': 20}
9377 / 9377 = ,1,10,False,1; 10; 10; 10; 1; 1; 1; 10; 1; 1; 1; 10; 10; 10; 1; 10; 1; 10; 10; 1,1,True,"{'1': 10, '10': 10}"
9379 / 9379 = ,1,10,False,10; 10; 10; 10; 10; 10; 10; 10; 10; 10; 10; 10; 10; 10; 10; 10; 10; 10; 10; 10,10,False,{'10': 20}
9386 - 9378 = ,8,10,False,10; 10; 10; 10; 10; 10; 10; 10; 10; 10; 10; 10; 10; 10; 10; 10; 10; 10; 10; 10,10,False,{'10': 20}
9389 / 9389 = ,1,10,False,10; 1; 1; 1; 10; 1; 10; 10; 10; 10; 1; 10; 10; 10; 1; 10; 10; 1; 10; 10,10,False,"{'10': 13, '1': 7}"
9395 / 9395 = ,1,10,False,1; 1; 1; 10; 10; 10; 10; 1; 1; 1; 10; 1; 1; 10; 10000; 10000; 1; 10; 1; 10000,1,True,"{'1': 10, '10': 7, '10000': 3}"
9396 - 9389 = ,7,10,False,10; 10; 10; 10; 10; 10; 10; 10; 10; 10; 10; 10; 10; 10; 10; 10; 10; 10; 10; 10,10,False,{'10': 20}
9398 - 9389 = ,9,10,False,10; 10; 10; 10; 10; 10; 10; 10; 10; 10; 10; 10; 10; 10; 10; 10; 10; 10; 10; 10,10,False,{'10': 20}
9411 / 9411 = ,1,10000,False,1; 10000; 10; 10000; 10; 10000; 10; 10000; 10; 10; 10; 10; 10; 10000; 10000; 10; 10000; 10; 10000; 10000,10,False,"{'1': 1, '10000': 9, '10': 10}"
9420 / 9420 = ,1,10,False,10; 10; 1; 10; 1; 1; 1; 10; 10; 1; 10; 10; 1; 10; 1; 10; 10; 10; 1; 1,10,False,"{'10': 11, '1': 9}"
9421 - 9412 = ,9,10,False,10; 9; 10; 10; 10; 9; 10; 10; 10; 10; 10; 10; 10; 10; 10; 9; 10; 9; 10; 9,10,False,"{'10': 15, '9': 5}"
9421 / 9421 = ,1,10000,False,1; 10000; 10000; 10000; 1; 1; 1; 1; 10000; 10000; 1; 10000; 10000; 10000; 10000; 1; 1; 10000; 1; 10000,10000,False,"{'1': 9, '10000': 11}"
9424 / 9424 = ,1,10,False,1; 1; 1; 10; 1; 10; 10; 10; 1; 10; 10; 10; 10; 1; 1; 10; 10; 10; 1; 1,10,False,"{'1': 9, '10': 11}"
9432 - 9423 = ,9,10,False,10; 10; 10; 10; 10; 10; 10; 10; 10; 10; 10; 10; 10; 10; 10; 10; 10; 10; 10; 10,10,False,{'10': 20}
9436 - 9433 = ,3,10,False,10; 10; 10; 10; 10; 2; 1; 10; 10; 2; 2; 2; 10; 1; 10; 10; 1; 10; 2; 1,10,False,"{'10': 11, '2': 5, '1': 4}"
9438 - 9433 = ,5,10,False,10; 1; 1; 10; 1; 1; 10; 1; 10; 10; 10; 10; 10; 10; 10; 1; 10; 10; 10; 1,10,False,"{'10': 13, '1': 7}"
9440 / 9440 = ,1,10,False,10; 10; 10; 10; 10; 10; 10; 10; 10; 10; 10; 10; 10; 10; 10; 10; 10; 10; 10; 10,10,False,{'10': 20}
9441 / 9441 = ,1,10,False,1; 1; 10002; 10; 10; 10; 10002; 1; 1; 1; 1; 1; 10; 1; 10000; 10; 10; 10000; 10000; 10,1,True,"{'1': 8, '10002': 2, '10': 7, '10000': 3}"
9445 / 9445 = ,1,10,False,1; 10; 10; 10; 10; 10; 10; 1; 10; 10; 10; 10; 10; 10; 10; 1; 10; 10; 10; 10,10,False,"{'1': 3, '10': 17}"
9449 / 9449 = ,1,10,False,10; 10; 10; 10; 10; 10; 10; 10; 10; 10; 10; 10; 10; 10; 10; 10; 10; 10; 10; 10,10,False,{'10': 20}
9452 - 9445 = ,7,10,False,10; 10; 10; 10; 10; 10; 10; 10; 10; 10; 10; 10; 10; 10; 10; 10; 10; 10; 10; 10,10,False,{'10': 20}
9453 - 9445 = ,8,10,False,10; 10; 10; 10; 10; 10; 10; 10; 10; 10; 10; 10; 10; 10; 10; 10; 10; 10; 10; 10,10,False,{'10': 20}
9459 / 9459 = ,1,10,False,1; 10; 10; 10; 1; 10; 1; 10; 1; 10; 10; 10; 1; 10; 1; 10; 10; 1; 10; 10,10,False,"{'1': 7, '10': 13}"
9461 / 9461 = ,1,10000,False,10000; 1; 1; 10; 10; 10000; 10000; 1; 1; 10000; 10000; 10000; 10000; 1; 1; 10000; 10000; 1; 1; 1,10000,False,"{'10000': 9, '1': 9, '10': 2}"
9465 / 9465 = ,1,10,False,1; 10; 10; 1; 1; 10; 1; 10; 1; 1; 1; 10; 10030; 10; 1; 10; 10; 10; 10; 10,10,False,"{'1': 8, '10': 11, '10030': 1}"
9469 / 9469 = ,1,10,False,1; 10038; 1; 10138; 10; 10038; 10138; 1; 1; 1; 10; 1; 10; 10; 10; 10; 10038; 1; 10; 10138,1,True,"{'1': 7, '10038': 3, '10138': 3, '10': 7}"
9475 / 9475 = ,1,10,False,10; 1; 10; 1; 1; 10; 10; 10; 1; 10; 1; 10; 10; 10; 10; 1; 1; 10; 1; 10,10,False,"{'10': 12, '1': 8}"
9476 - 9467 = ,9,10,False,10; 10; 10; 10; 10; 10; 10; 10; 10; 10; 10; 10; 10; 10; 10; 10; 10; 10; 10; 10,10,False,{'10': 20}
9477 / 9477 = ,1,10,False,1; 10; 10; 1; 10000; 10; 10; 1; 10000; 10; 1; 1; 1; 10; 1; 10; 1; 1; 1; 10,1,True,"{'1': 10, '10': 8, '10000': 2}"
9479 / 9479 = ,1,10,False,10; 10; 10; 10; 10; 10; 10; 10; 10; 10; 10; 10; 10; 10; 10; 10; 10; 10; 10; 10,10,False,{'10': 20}
9485 / 9485 = ,1,10,False,1; 10; 1; 1; 1; 10; 10; 10; 1; 10; 1; 10; 1; 10; 10; 1; 10; 1; 10; 1,1,True,"{'1': 10, '10': 10}"
9486 - 9478 = ,8,10,False,10; 10; 10; 10; 10; 10; 10; 10; 10; 10; 10; 10; 10; 10; 10; 10; 10; 10; 10; 10,10,False,{'10': 20}
9487 - 9478 = ,9,10,False,10; 10; 10; 10; 10; 10; 10; 10; 10; 10; 10; 10; 10; 10; 10; 10; 10; 10; 10; 10,10,False,{'10': 20}
9488 / 9488 = ,1,10,False,10; 10; 10; 10; 10; 10; 1; 10; 10; 1; 10; 1; 1; 10; 10; 1; 10; 1; 10; 1,10,False,"{'10': 13, '1': 7}"
9489 / 9489 = ,1,10,False,1; 10; 10; 1; 10; 10; 10; 10; 10; 10; 1; 10; 10; 10; 10; 10; 10; 1; 10; 1,10,False,"{'1': 5, '10': 15}"
9490 / 9490 = ,1,10,False,10; 10; 10; 10; 1; 1; 10; 1; 10; 10; 10; 10; 10; 1; 10; 1; 10; 10; 10; 1,10,False,"{'10': 14, '1': 6}"
9495 / 9495 = ,1,10,False,1; 10; 10; 10; 1001; 10000; 10101; 10000; 10; 1; 10000; 1; 10000; 10101; 10000; 10; 10; 10; 1; 10000,10,False,"{'1': 4, '10': 7, '1001': 1, '10000': 6, '10101': 2}"
9497 - 9489 = ,8,10,False,10; 10; 10; 10; 10; 10; 10; 10; 10; 10; 10; 10; 10; 10; 10; 10; 10; 10; 10; 10,10,False,{'10': 20}
9498 - 9489 = ,9,10,False,10; 10; 10; 10; 10; 10; 10; 10; 10; 10; 10; 10; 10; 10; 10; 10; 10; 10; 10; 10,10,False,{'10': 20}
9502 / 4751 = ,2,1.98,False,1; 2; 1.86; 2; 1.68; 1.683; 1.986; 1.896; 1.936; 2; 2; 1.865; 1.863; 2; 1; 2; 1.68; 1.83; 1.863; 2,2,True,"{'1': 2, '2': 7, '1.86': 1, '1.68': 2, '1.683': 1, '1.986': 1, '1.896': 1, '1.936': 1, '1.865': 1, '1.863': 2, '1.83': 1}"
9504 / 4752 = ,2,1.96,False,"1.99; 1.698; 1; 1.96; 2; 2; 2; 2; 1; 1. **Divide the first two; 1. **Division**: First, we; 1.68; 1.68; 1; 2; 1; 1.96; 1; 1; 1",1,False,"{'1.99': 1, '1.698': 1, '1': 7, '1.96': 2, '2': 5, '1. **Divide the first two': 1, '1. **Division**: First, we': 1, '1.68': 2}"
9511 / 9511 = ,1,10,False,10; 10000; 10000; 1; 10; 10; 10; 1; 10002; 10000; 10002; 1; 10; 10; 10; 10; 1; 1; 10; 1,10,False,"{'10': 9, '10000': 3, '1': 6, '10002': 2}"
9512 / 4756 = ,2,"1. **Division**: First, we",False,"1.83; 1.98; 1.98; 1.93; 1.89; 1. **Division Setup**: We start; 1. **Division**: 
   -; 1. **Division**: First, perform; 1; 1.935; 1. Divide \(9512; 1; 1. **Divide the first digit; 1; 1.83; 1.83; 1; 1. **Divide the first two; 1. Divide 9512; 1",1,False,"{'1.83': 3, '1.98': 2, '1.93': 1, '1.89': 1, '1. **Division Setup**: We start': 1, '1. **Division**: \n   -': 1, '1. **Division**: First, perform': 1, '1': 5, '1.935': 1, '1. Divide \\(9512': 1, '1. **Divide the first digit': 1, '1. **Divide the first two': 1, '1. Divide 9512': 1}"
9532 - 9523 = ,9,10,False,10; 10; 10; 10; 10; 10; 10; 10; 10; 10; 10; 10; 10; 10; 10; 10; 10; 10; 10; 10,10,False,{'10': 20}
9536 / 4768 = ,2,"1. **Division**: First, we",False,"1.925; 1. Divide 9536; 1.64; 1. **Division**: We start by; 1. **Division Step**:; 1; 1. **Division Calculation:**; 1.5; 1; 1. **Division**: First, we; 1. **Division Setup**: We start; 1; 1. **Division Step**:; 1.64; 1. Divide 9536; 1; 1.902; 1. **Divide the first digit; 1; 1. **Division Setup**: We start",1,False,"{'1.925': 1, '1. Divide 9536': 2, '1.64': 2, '1. **Division**: We start by': 1, '1. **Division Step**:': 2, '1': 5, '1. **Division Calculation:**': 1, '1.5': 1, '1. **Division**: First, we': 1, '1. **Division Setup**: We start': 2, '1.902': 1, '1. **Divide the first digit': 1}"
9536 - 9527 = ,9,10,False,10; 10; 10; 10; 10; 10; 10; 10; 10; 10; 10; 10; 10; 10; 10; 10; 10; 10; 10; 10,10,False,{'10': 20}
9536 - 9528 = ,8,10,False,11; 11; 10; 11; 11; 10; 10; 12; 10; 11; 10; 12; 10; 10; 10; 10; 10; 10; 10; 10,10,False,"{'11': 5, '10': 13, '12': 2}"
9552 - 9545 = ,7,10,False,10; 10; 1; 10; 10; 10; 10; 10; 10; 10; 10; 10; 1; 10; 10; 10; 1; 10; 1; 10,10,False,"{'10': 16, '1': 4}"
9553 - 9545 = ,8,10,False,10; 10; 10; 10; 10; 10; 10; 10; 10; 10; 10; 10; 10; 10; 10; 10; 10; 10; 10; 10,10,False,{'10': 20}
9554 - 9545 = ,9,10,False,10; 10; 10; 10; 10; 10; 10; 10; 10; 10; 10; 10; 10; 10; 10; 10; 10; 10; 10; 10,10,False,{'10': 20}
9559 / 9559 = ,1,10,False,10; 10; 10; 1; 10; 10; 10; 10; 10; 10; 1; 10; 10; 10; 1; 10; 10; 1; 1; 1,10,False,"{'10': 14, '1': 6}"
9565 - 9556 = ,9,10,False,10; 10; 10; 10; 10; 10; 1; 10; 10; 10; 10; 1; 1; 10; 10; 10; 1; 10; 10; 10,10,False,"{'10': 16, '1': 4}"
9586 - 9578 = ,8,10,False,10; 10; 10; 10; 10; 10; 10; 10; 10; 10; 10; 10; 10; 10; 10; 10; 10; 10; 10; 10,10,False,{'10': 20}
9589 / 9589 = ,1,10,False,10; 1; 1; 1; 1; 1; 10; 10; 10; 1; 10; 10; 10; 1; 1; 10; 10; 10; 1; 10,10,False,"{'10': 11, '1': 9}"
9614 / 4807 = ,2,19,False,19; 19; 19; 19; 19; 19; 19; 19; 19; 19; 19; 19; 19; 19; 19; 19; 19; 19; 19; 19,19,False,{'19': 20}
9616 - 9611 = ,5,10,False,10; 10; 10; 10; 10; 10; 10; 10; 10; 10; 10; 10; 10; 10; 10; 10; 10; 10; 10; 10,10,False,{'10': 20}
9616 - 9612 = ,4,10,False,10; 10; 10; 10; 10; 10; 10; 10; 10; 10; 10; 10; 10; 10; 10; 10; 10; 10; 10; 10,10,False,{'10': 20}
9618 - 9611 = ,7,10,False,10; 10; 10; 10; 10; 10; 10; 10; 10; 10; 10; 10; 10; 10; 10; 10; 10; 10; 10; 10,10,False,{'10': 20}
9621 - 9612 = ,9,10,False,9; 10; 9; 9; 10; 9; 1; 10; 9; 10; 9; 9; 9; 10; 1; 9; 10; 9; 9; 10,9,True,"{'9': 11, '10': 7, '1': 2}"
9640 / 4820 = ,2,20,False,2; 20; 2; 20; 2; 20; 20; 20; 20; 20; 2; 20; 20; 20; 20; 20; 20; 2; 20; 20,20,False,"{'2': 5, '20': 15}"
9642 / 4821 = ,2,20,False,2; 2; 2; 20; 20; 20; 2; 2; 20; 2; 2; 2; 20; 20; 20; 20; 2; 20; 2; 20,2,True,"{'2': 10, '20': 10}"
9648 / 4824 = ,2,20,False,20; 20; 2; 20; 20; 20; 20; 2; 20; 20; 20; 20; 20; 20; 20; 2; 2; 2; 2; 20,20,False,"{'20': 14, '2': 6}"
9652 - 9645 = ,7,10,False,10; 10; 1; 1; 1; 1; 10; 10; 10; 1; 1; 10; 10; 1; 1; 10; 10; 10; 1; 1,10,False,"{'10': 10, '1': 10}"
9653 - 9645 = ,8,10,False,10; 10; 10; 10; 10; 10; 10; 10; 10; 10; 10; 10; 10; 10; 10; 10; 10; 10; 10; 10,10,False,{'10': 20}
9654 - 9645 = ,9,10,False,10; 10; 10; 10; 10; 10; 10; 10; 10; 10; 10; 10; 10; 10; 10; 10; 10; 10; 10; 10,10,False,{'10': 20}
9676 - 9667 = ,9,10,False,10; 10; 10; 10; 10; 10; 10; 10; 10; 10; 10; 10; 10; 10; 10; 10; 10; 10; 10; 10,10,False,{'10': 20}
9680 / 4840 = ,2,20,False,20; 20; 20; 2; 20; 2; 20; 20; 20; 20; 20; 2; 20; 2; 20; 2; 20; 20; 20; 20,20,False,"{'20': 15, '2': 5}"
9684 / 4842 = ,2,20,False,20; 20; 20; 20; 2; 20; 20; 20; 20; 20; 20; 20; 2; 20; 2; 2; 2; 20; 2; 20,20,False,"{'20': 14, '2': 6}"
9686 / 4843 = ,2,20,False,20; 20; 2; 20; 2; 20; 2; 2; 2; 20; 2; 20; 20; 2; 20; 2; 20; 2; 2; 2,2,True,"{'20': 9, '2': 11}"
9696 / 4848 = ,2,20,False,2; 20; 2; 2; 20; 2; 2; 2016; 2; 2; 201; 201; 2; 2; 201; 20; 20; 20; 2; 2,2,True,"{'2': 11, '20': 5, '2016': 1, '201': 3}"
9696 - 9687 = ,9,10,False,10; 3; 13; 13; 10; 10; 10; 10; 12; 3; 12; 13; 10; 10; 13; 10; 12; 12; 10; 10,10,False,"{'10': 10, '3': 2, '13': 4, '12': 4}"
9708 - 9700 = ,8,10,False,10; 1; 1; 1; 1; 4; 1; 1; 1; 10; 10; 10; 1; 4; 10; 1; 4; 10; 4; 4,1,False,"{'10': 6, '1': 9, '4': 5}"
9716 - 9711 = ,5,10,False,2; 10; 10; 10; 2; 2; 10; 10; 2; 10; 10; 2; 10; 10; 10; 10; 10; 10; 2; 10,10,False,"{'2': 6, '10': 14}"
9718 / 4859 = ,2,1. **Division Setup**: Begin by,False,"2; 2; 1; 2; 1; 1. First, we need to perform; 2; 1. **Division Setup**: Begin by; 1. **Division Setup:**; 1. **Division**: 
   To; 1. **Divide**: First,; 1; 2; 1; 2; 1; 1; 1; 1; 1. **Division Step**:",1,False,"{'2': 6, '1': 8, '1. First, we need to perform': 1, '1. **Division Setup**: Begin by': 1, '1. **Division Setup:**': 1, '1. **Division**: \n   To': 1, '1. **Divide**: First,': 1, '1. **Division Step**:': 1}"
9718 - 9711 = ,7,10,False,10; 10; 10; 10; 1; 10; 10; 1; 10; 1; 10; 1; 1; 10; 10; 10; 10; 1; 10; 10,10,False,"{'10': 14, '1': 6}"
9730 / 4865 = ,2,19,False,19; 2; 1. **Division Setup**:; 1. Divide 9730; 2; 1. **Division**: We start by; 19; 2; 19; 19; 19; 19; 1. Divide the first digit of the; 2; 19; 2; 19; 2; 19; 19,19,False,"{'19': 10, '2': 6, '1. **Division Setup**:': 1, '1. Divide 9730': 1, '1. **Division**: We start by': 1, '1. Divide the first digit of the': 1}"
9732 / 3244 = ,3,2.99,False,2; 2.985; 2; 2.99; 2; 2.99; 2; 2.9996; 2.98; 2.99; 2.985; 2.98; 2; 2.9995; 2.98; 2.985; 2; 2; 2.98; 2,2,False,"{'2': 8, '2.985': 3, '2.99': 3, '2.9996': 1, '2.98': 4, '2.9995': 1}"
9732 - 9723 = ,9,10,False,10; 10; 10; 10; 10; 10; 10; 10; 10; 10; 10; 10; 10; 10; 10; 10; 10; 10; 10; 10,10,False,{'10': 20}
9734 / 4867 = ,2,19,False,"1.25; 1.99; 19; 1.506; 19; 19; 19; 19; 1. **Divide the first digit; 19; 1. **Divide the first two; 1. **Divide the first two; 1. **Division**: First, we; 19; 1. **Initialization**:
    -; 1. **Identify the problem:**; 1. **Setup the division problem:; 19; 19; 19",19,False,"{'1.25': 1, '1.99': 1, '19': 10, '1.506': 1, '1. **Divide the first digit': 1, '1. **Divide the first two': 2, '1. **Division**: First, we': 1, '1. **Initialization**:\n    -': 1, '1. **Identify the problem:**': 1, '1. **Setup the division problem:': 1}"
9735 / 3245 = ,3,2.98,False,2; 2.986; 2; 2.986; 2; 2; 2.98; 2; 2.99; 2.99; 2; 2.986; 2; 2; 2.9968; 2; 2.9816; 2.981; 2.99; 2.98,2,False,"{'2': 9, '2.986': 3, '2.98': 2, '2.99': 3, '2.9968': 1, '2.9816': 1, '2.981': 1}"
9742 - 9734 = ,8,10,False,1; 1; 1; 1; 10; 1; 10; 1; 1; 1; 1; 10; 1; 1; 1; 10; 1; 10; 10; 1,1,False,"{'1': 14, '10': 6}"
9753 - 9745 = ,8,10,False,10; 10; 10; 10; 10; 10; 10; 10; 10; 10; 10; 10; 10; 10; 10; 10; 10; 10; 10; 10,10,False,{'10': 20}
9754 - 9745 = ,9,10,False,10; 10; 1; 10; 1; 10; 10; 1; 1; 10; 10; 10; 10; 10; 10; 10; 10; 10; 1; 10,10,False,"{'10': 15, '1': 5}"
9779 / 9779 = ,1,10,False,10000; 1; 10; 1; 1; 10; 1; 1; 10000; 1; 10; 10; 10000; 1; 1; 10; 1; 10; 1; 1,1,True,"{'10000': 3, '1': 11, '10': 6}"
9780 / 4890 = ,2,1. **Division Setup**: Begin by,False,"1. **Division**: 
   -; 1; 1; 19; 19; 19; 19; 19; 1; 1; 19; 1. **Division Setup:**; 1; 19; 19; 1. **Division**: First, perform; 1. **Divide the first number; 19; 19; 1. **Division Setup**:",19,False,"{'1. **Division**: \n   -': 1, '1': 5, '19': 10, '1. **Division Setup:**': 1, '1. **Division**: First, perform': 1, '1. **Divide the first number': 1, '1. **Division Setup**:': 1}"
9780 - 9774 = ,6,-65,False,-65; -6; -65; -6; -6; -65; -65; -65; -65; -6; -65; -6; -65; -6; -65; -65; -65; -6; -6; -65,-65,False,"{'-65': 12, '-6': 8}"
9780 - 9778 = ,2,10,False,10; 10; 10; 10; 10; 10; 10; 10; 10; 10; 10; 10; 10; 10; 10; 10; 10; 10; 10; 10,10,False,{'10': 20}
9781 - 9774 = ,7,-63,False,-63; -63; -63; -63; -63; -63; -63; -63; -63; -63; -63; -63; -63; -63; -63; -63; -63; -63; -63; -63,-63,False,{'-63': 20}
9786 - 9778 = ,8,10,False,10; 10; 10; 10; 10; 10; 10; 10; 10; 10; 10; 10; 10; 10; 10; 10; 10; 10; 10; 10,10,False,{'10': 20}
9792 / 1088 = ,9,10,False,10; 10; 10; 10; 10; 10; 10; 10; 5; 10; 5; 10; 10; 10; 10; 10; 5; 5; 10; 10,10,False,"{'10': 16, '5': 4}"
9853 - 9845 = ,8,10,False,10; 10; 10; 10; 10; 10; 10; 10; 10; 10; 10; 10; 10; 10; 10; 10; 10; 10; 10; 10,10,False,{'10': 20}
9854 - 9845 = ,9,10,False,10; 10; 10; 10; 10; 10; 10; 10; 10; 10; 10; 10; 10; 10; 10; 10; 10; 10; 10; 10,10,False,{'10': 20}
9859 / 9859 = ,1,10,False,10; 10; 10; 10; 10; 10; 10; 10; 10; 10; 10; 10; 10; 10; 10; 10; 10; 10; 10; 10,10,False,{'10': 20}
9876 - 9867 = ,9,10,False,10; 10; 10; 10; 10; 10; 10; 10; 10; 10; 10; 10; 10; 10; 10; 10; 10; 10; 10; 10,10,False,{'10': 20}
9880 / 9880 = ,1,10,False,1; 10; 1; 1; 1; 10; 10; 1; 10; 1; 10; 10; 1; 10; 1; 1; 10; 10; 10; 1,1,True,"{'1': 10, '10': 10}"
9896 - 9889 = ,7,10,False,10; 10; 10; 10; 1; 10; 1; 10; 10; 10; 10; 10; 10; 10; 10; 1; 1; 10; 10; 10,10,False,"{'10': 16, '1': 4}"
9897 - 9889 = ,8,10,False,10; 10; 10; 10; 10; 10; 10; 10; 10; 10; 10; 10; 10; 10; 10; 10; 10; 10; 10; 10,10,False,{'10': 20}
9898 - 9889 = ,9,10,False,10; 10; 10; 10; 10; 10; 10; 10; 10; 10; 10; 10; 10; 10; 10; 10; 10; 10; 10; 10,10,False,{'10': 20}
9899 / 9899 = ,1,10,False,10; 10; 10; 10; 10; 10; 10; 10; 10; 10; 10; 1; 10; 1; 10; 10; 10; 10; 10; 10,10,False,"{'10': 18, '1': 2}"
9900 / 9900 = ,1,10,False,10; 10; 10; 10; 10; 1; 10; 10; 10; 10; 1; 10; 10; 1; 10; 10; 10; 10; 10; 10,10,False,"{'10': 17, '1': 3}"
9908 - 9900 = ,8,10,False,10; 10; 1; 10; 1; 1; 10; 1; 10; 10; 1; 1; 10; 1; 10; 10; 1; 10; 10; 10,10,False,"{'10': 12, '1': 8}"
9909 / 9909 = ,1,10,False,10; 10; 10; 10; 10; 10; 10; 10; 10; 10; 10; 10; 10; 10; 10; 10; 10; 10; 10; 10,10,False,{'10': 20}
9910 - 9901 = ,9,10,False,10; 10; 10; 10; 10; 10; 10; 10; 10; 10; 10; 10; 10; 10; 10; 10; 10; 10; 10; 10,10,False,{'10': 20}
9911 / 9911 = ,1,10000,False,10000; 100; 1; 1; 1; 10000; 1; 10000; 100; 100; 1; 100; 10000; 10000; 10000; 100; 1; 100; 10000; 100,10000,False,"{'10000': 7, '100': 7, '1': 6}"
9913 / 9913 = ,1,10026,False,10004; 1; 10026; 1; 1; 1; 1; 1; 1; 10026; 10026; 1; 1; 1; 10004; 10004; 10004; 1; 10004; 1,1,True,"{'10004': 5, '1': 12, '10026': 3}"
9915 / 9915 = ,1,10020,False,10020; 10020; 1; 10; 10020; 1; 1; 1; 1; 1; 10020; 1; 10020; 10; 10020; 1; 10020; 10020; 1; 1,1,True,"{'10020': 8, '1': 10, '10': 2}"
9916 - 9911 = ,5,10,False,2; 2; 2; 10; 2; 2; 10; 2; 2; 2; 10; 10; 2; 2; 10; 2; 10; 10; 10; 2,2,False,"{'2': 12, '10': 8}"
9918 - 9911 = ,7,10,False,10; 10; 10; 10; 10; 10; 10; 10; 10; 10; 10; 10; 10; 10; 10; 10; 10; 10; 10; 10,10,False,{'10': 20}
9919 / 9919 = ,1,10038,False,10038; 10038; 10038; 10038; 10038; 1; 10038; 10038; 10038; 10038; 1; 10038; 1; 1; 10038; 10038; 10038; 10038; 10038; 1,10038,False,"{'10038': 15, '1': 5}"
9920 / 9920 = ,1,100,False,100; 100; 1; 100; 100; 1; 10000; 10; 100; 1; 1; 10; 10; 100; 10; 100; 1; 10; 1; 10,100,False,"{'100': 7, '1': 6, '10000': 1, '10': 6}"
9921 - 9912 = ,9,10,False,10; 10; 10; 10; 10; 10; 10; 10; 10; 10; 10; 10; 10; 10; 10; 10; 10; 10; 10; 10,10,False,{'10': 20}
9921 / 9921 = ,1,10010,False,1; 10010; 1; 10020; 10010; 10000; 10000; 10020; 10010; 10000; 10020; 10010; 10010; 10010; 10000; 10010; 10010; 10010; 10010; 10010,10010,False,"{'1': 2, '10010': 11, '10020': 3, '10000': 4}"
9924 / 9924 = ,1,10000,False,10000; 10038; 10038; 10035; 10025; 10005; 1; 10000; 10025; 10000; 10048; 1; 10038; 10000; 1; 1; 10035; 10025; 1; 10025,1,True,"{'10000': 4, '10038': 3, '10035': 2, '10025': 4, '10005': 1, '1': 5, '10048': 1}"
9925 / 9925 = ,1,10,False,1; 10050; 1; 10; 1; 1; 1; 1; 1; 10040; 1; 10; 10050; 10000; 1; 10050; 1; 10; 10; 1,1,True,"{'1': 11, '10050': 3, '10': 4, '10040': 1, '10000': 1}"
9929 / 9929 = ,1,10,False,10; 10; 10; 10; 10038; 10; 10; 10038; 10; 10038; 10; 10038; 10038; 10038; 10038; 10; 10038; 10; 10; 10,10,False,"{'10': 12, '10038': 8}"
9930 / 9930 = ,1,100,False,100; 100; 10; 10; 100; 100; 100; 100; 100; 100; 100; 100; 10; 10; 100; 100; 100; 100; 10; 10,100,False,"{'100': 14, '10': 6}"
9932 / 9932 = ,1,10064,False,1; 10023; 1; 10064; 1; 10024; 10064; 1; 1; 1; 10064; 10064; 10034; 10034; 10024; 1; 10064; 10024; 10064; 10023,1,True,"{'1': 7, '10023': 2, '10064': 6, '10024': 3, '10034': 2}"
9933 / 9933 = ,1,100,False,100; 100; 100; 10026; 100; 10026; 100; 100; 100; 100; 100; 10026; 100; 100; 100; 100; 100; 10026; 100; 10026,100,False,"{'100': 15, '10026': 5}"
9935 / 9935 = ,1,10030,False,10030; 10030; 10030; 1; 10; 1; 1; 10030; 10; 10030; 10030; 10; 10020; 1; 1; 10030; 10040; 10030; 10040; 10030,10030,False,"{'10030': 9, '1': 5, '10': 3, '10020': 1, '10040': 2}"
9936 / 9936 = ,1,10,False,10; 1; 10005; 1; 10; 1; 1008; 1; 1; 10; 1008; 1; 10; 10; 10; 10; 1; 1; 1; 10,1,True,"{'10': 8, '1': 9, '10005': 1, '1008': 2}"
9939 / 9939 = ,1,10078,False,10078; 10078; 10; 10078; 10; 100.; 10; 10078; 10078; 10078; 10; 10078; 10078; 10078; 10078; 10; 10078; 10078; 10078; 10078,10078,False,"{'10078': 14, '10': 5, '100.': 1}"
9940 / 9940 = ,1,10,False,10; 10; 100; 10; 100; 10; 10; 100; 10; 10; 100; 10; 100; 10; 100; 10; 100; 10; 10; 10,10,False,"{'10': 13, '100': 7}"
9942 - 9934 = ,8,10,False,10; 10; 10; 10; 10; 10; 10; 10; 10; 10; 10; 10; 10; 10; 10; 10; 10; 10; 10; 10,10,False,{'10': 20}
9943 - 9934 = ,9,10,False,10; 10; 10; 10; 10; 10; 10; 10; 10; 10; 10; 10; 10; 10; 10; 10; 10; 10; 10; 10,10,False,{'10': 20}
9944 / 9944 = ,1,10,False,10; 100; 10; 10; 100; 100; 10; 100; 100; 10; 10; 10; 100; 100; 10; 10; 10; 10; 10; 10,10,False,"{'10': 13, '100': 7}"
9945 / 9945 = ,1,10,False,10; 10; 10; 10; 10; 10; 10; 10; 10; 10; 10; 10; 10; 10; 10; 10; 10; 10; 10; 10,10,False,{'10': 20}
9948 / 9948 = ,1,10000,False,10; 10; 10; 10000; 10046; 10000; 10040; 10; 10; 10056; 10000; 10000; 10; 10; 10; 10056; 10; 10046; 10000; 10056,10,False,"{'10': 9, '10000': 5, '10046': 2, '10040': 1, '10056': 3}"
9949 / 9949 = ,1,10000,False,10; 10000; 100; 100.0; 100.0; 100.0; 10000; 100.001; 10000; 10; 10000; 100.0; 10000; 10000; 100.0; 10; 10; 100; 100.; 10000,10000,False,"{'10': 4, '10000': 7, '100': 2, '100.0': 5, '100.001': 1, '100.': 1}"
9950 / 9950 = ,1,10,False,1; 10; 10; 1; 10; 10; 10; 10; 10; 1; 10; 10; 10; 10; 10; 1; 1; 10; 10; 10,10,False,"{'1': 5, '10': 15}"
9953 - 9945 = ,8,10,False,10; 8; 8; 8; 8; 8; 10; 8; 10; 10; 10; 10; 8; 10; 10; 8; 8; 8; 10; 10,10,False,"{'10': 10, '8': 10}"
9954 - 9945 = ,9,10,False,10; 10; 10; 10; 10; 10; 10; 10; 10; 10; 10; 10; 10; 10; 10; 10; 10; 10; 10; 10,10,False,{'10': 20}
9955 / 9955 = ,1,10,False,10; 10; 10; 10; 10; 10; 100; 10; 100; 100; 10; 10; 10; 10; 10; 100; 100; 100; 10; 10,10,False,"{'10': 14, '100': 6}"
9959 / 9959 = ,1,10,False,10; 10; 10; 100; 10; 10; 100; 100.; 10; 100; 10; 10; 10; 100.00; 10; 10; 10; 10; 100; 10,10,False,"{'10': 14, '100': 4, '100.': 1, '100.00': 1}"
9969 / 9969 = ,1,10038,False,10038; 10; 10; 10038; 10038; 10038; 10; 10; 10; 10; 10; 10038; 10038; 10038; 10038; 10038; 10; 10038; 10; 10038,10038,False,"{'10038': 11, '10': 9}"
9970 / 9970 = ,1,10,False,10; 100; 1; 10; 100; 100; 1; 100; 10; 100; 10; 1; 100; 1; 100; 1; 10; 100; 10; 10,100,False,"{'10': 7, '100': 8, '1': 5}"
9972 / 9972 = ,1,10000,False,10064; 1; 10000; 1004; 1; 10001; 10064; 10000; 10064; 10003; 10000; 10001; 10064; 10064; 10003; 1; 10001; 10064; 1; 10000,10064,False,"{'10064': 6, '1': 4, '10000': 4, '1004': 1, '10001': 3, '10003': 2}"
9974 / 4987 = ,2,1. **Division Setup:**,False,1.635; 2; 1. **Division Setup**:; 19; 1.995; 1.96; 2; 2; 2; 2; 1.9995; 2; 1. **Divide the first digit; 19; 2; 2; 2; 2; 19; 1. **Identify the Problem:**,2,True,"{'1.635': 1, '2': 10, '1. **Division Setup**:': 1, '19': 3, '1.995': 1, '1.96': 1, '1.9995': 1, '1. **Divide the first digit': 1, '1. **Identify the Problem:**': 1}"
9974 / 9974 = ,1,10003,False,1; 10003; 10003; 1; 1; 1; 10000; 1; 1; 1; 10053; 1; 10003; 10003; 10053; 10068; 1; 10000; 1; 10068,1,True,"{'1': 10, '10003': 4, '10000': 2, '10053': 2, '10068': 2}"
9975 / 9975 = ,1,10000,False,10000; 10; 10000; 10000; 10000; 10; 10; 10; 10000; 10; 10; 10; 10000; 10; 10; 10; 10; 10000; 10; 10,10,False,"{'10000': 7, '10': 13}"
9977 / 9977 = ,1,10006,False,1; 10000; 10000; 10006; 10; 10; 1; 100; 10000; 10000; 10; 10006; 10; 10; 1; 100; 100; 10; 10; 10006,10,False,"{'1': 3, '10000': 4, '10006': 3, '10': 7, '100': 3}"
9979 / 9979 = ,1,10,False,10; 10; 100; 10000; 10058; 10058; 10; 10000; 10; 10; 10; 10; 10; 10; 10; 10; 10; 10; 10; 100,10,False,"{'10': 14, '100': 2, '10000': 2, '10058': 2}"
9980 / 1996 = ,5,49,False,50; 49; 50; 5; 5; 49; 49; 50; 5; 49; 49; 49; 5; 50; 5; 49; 5; 50; 5; 50,49,False,"{'50': 6, '49': 7, '5': 7}"
9982 - 9978 = ,4,10,False,10; 10; 10; 10; 10; 10; 10; 10; 10; 10; 10; 10; 10; 10; 10; 10; 10; 10; 10; 10,10,False,{'10': 20}
9986 - 9978 = ,8,10,False,10; 10; 10; 10; 10; 10; 10; 10; 10; 10; 10; 10; 10; 10; 10; 10; 10; 10; 10; 10,10,False,{'10': 20}
9987 - 9978 = ,9,10,False,1; 10; 10; 10; 10; 10; 10; 1; 10; 10; 10; 10; 10; 10; 1; 10; 10; 10; 1; 10,10,False,"{'1': 4, '10': 16}"
9990 / 1998 = ,5,50,False,49; 50; 50; 49; 49; 49; 50; 50; 50; 49; 49; 50; 50; 49; 50; 50; 49; 49; 49; 50,49,False,"{'49': 10, '50': 10}"
9990 / 9990 = ,1,10,False,10; 10; 10; 10; 10; 10; 10; 10; 10; 10; 10; 10; 10; 10; 10; 10; 10; 10; 10; 10,10,False,{'10': 20}
9993 / 9993 = ,1,10002,False,10002; 1; 1; 10002; 1; 1; 10002; 1; 10; 10002; 10002; 10002; 10002; 10002; 10002; 10002; 10002; 1; 1; 1,10002,False,"{'10002': 11, '1': 8, '10': 1}"
9995 / 1999 = ,5,4.925,False,4.920638; 4; 4.925; 4; 4.9678; 4; 4.9786; 4.92; 4.9683; 4.925; 4; 4; 4.9743; 4.9263; 4.98; 4.98; 4.9262; 4.995; 4; 4.9995,4,False,"{'4.920638': 1, '4': 6, '4.925': 2, '4.9678': 1, '4.9786': 1, '4.92': 1, '4.9683': 1, '4.9743': 1, '4.9263': 1, '4.98': 2, '4.9262': 1, '4.995': 1, '4.9995': 1}"
9995 / 9995 = ,1,10,False,10; 10; 10000; 10; 10; 10; 10; 10; 10; 10000; 10004; 10000; 10000; 10; 10; 10; 10000; 10; 10; 10004,10,False,"{'10': 13, '10000': 5, '10004': 2}"
9996 - 9989 = ,7,10,False,10; 10; 10; 10; 10; 10; 10; 10; 10; 10; 10; 10; 10; 10; 10; 10; 10; 10; 10; 10,10,False,{'10': 20}
9997 - 9989 = ,8,10,False,10; 10; 10; 10; 10; 10; 10; 10; 10; 10; 10; 10; 10; 10; 10; 10; 10; 10; 10; 10,10,False,{'10': 20}
9998 - 9989 = ,9,10,False,10; 10; 10; 10; 10; 10; 10; 10; 10; 10; 10; 10; 10; 10; 10; 10; 10; 10; 10; 10,10,False,{'10': 20}
